{
    "resources": [
        {
            "name": "view/Master.view.xml"
        },
        {
            "name": "Component.js"
        },
        {
            "name": "model/models.js"
        },
        {
            "name": "controller/Vertrag.controller.js"
        },
        {
            "name": "controller/Verguetungsart.controller.js"
        },
        {
            "name": "controller/Master.controller.js"
        },
        {
            "name": "controller/Leistung.controller.js"
        },
        {
            "name": "controller/App.controller.js"
        },
        {
            "name": "manifest.json"
        },
        {
            "name": "manifest-bundle.zip"
        },
        {
            "name": "Component-preload.js",
            "merged": true
        },
        {
            "name": "model/models-dbg.js",
            "isDebug": true
        },
        {
            "name": "controller/Vertrag-dbg.controller.js",
            "isDebug": true
        },
        {
            "name": "controller/Verguetungsart-dbg.controller.js",
            "isDebug": true
        },
        {
            "name": "controller/Master-dbg.controller.js",
            "isDebug": true
        },
        {
            "name": "controller/Leistung-dbg.controller.js",
            "isDebug": true
        },
        {
            "name": "controller/App-dbg.controller.js",
            "isDebug": true
        },
        {
            "name": "Component-dbg.js",
            "isDebug": true
        },
        {
            "name": "../../../../../sap-ui-version.json"
        },
        {
            "name": "neo-app.json"
        },
        {
            "name": "di.code-validation.core_issues.json"
        },
        {
            "name": "localService/ZICM_PROV_VTR_SRV/metadata.xml"
        },
        {
            "name": "view/addLaVvDialog.fragment.xml"
        },
        {
            "name": "view/Vertrag.view.xml"
        },
        {
            "name": "view/Version.fragment.xml"
        },
        {
            "name": "view/VermittlerartDialog.fragment.xml"
        },
        {
            "name": "view/Verguetungsart.view.xml"
        },
        {
            "name": "view/ValidFromDialog.fragment.xml"
        },
        {
            "name": "view/StdVertragDialog.fragment.xml"
        },
        {
            "name": "i18n/i18n.properties",
            "raw": "i18n/i18n.properties"
        },
        {
            "name": "view/Leistung2.view.xml"
        },
        {
            "name": "view/Leistung.view.xml"
        },
        {
            "name": "view/App.view.xml"
        },
        {
            "name": "localService/metadata.xml"
        },
        {
            "name": "css/style.css"
        },
        {
            "name": "index.html"
        }
    ]
}