{
  "groups": [
    {
      "title": "dashboard.title.persoenliches",
      "content": [
        {
          "key": "kontoeinstellungen",
          "title": "dashboard.tile.header.persoenlicheKontoeinstellungen",
          "subtitle": "dashboard.tile.subHeader.sonstiges",
          "icon": "sap-icon://user-settings",
          "spaceRequirement": "wide"
        }
      ]
    },
    {
      "title": "dashboard.title.katalogverwaltung",

      "content": [
        {
          "key": "katalogverwaltungWeiterbildungsangebote",
          "title": "dashboard.tile.header.weiterbildungsangebote",
          "subtitle": "dashboard.tile.subHeader.katalogverwaltung",
          "icon": "sap-icon://request"
        },
        {
          "key": "katalogverwaltungPersonenKontaktstellen",
          "title": "dashboard.tile.header.personenKontaktstellen",
          "subtitle": "dashboard.tile.subHeader.katalogverwaltung",
          "icon": "sap-icon://activity-individual"
        },
        {
          "key": "katalogverwaltungStandorte",
          "title": "dashboard.tile.header.standorte",
          "subtitle": "dashboard.tile.subHeader.katalogverwaltung",
          "icon": "sap-icon://map"
        }
      ]
    },
    {
      "title": "dashboard.title.verwaltung",

      "content": [
        {
          "key": "verwaltungKontaktstellen",
          "title": "dashboard.tile.header.kontaktstellen",
          "subtitle": "dashboard.tile.subHeader.verwaltung",
          "icon": "sap-icon://add-contact"
        },
        {
          "key": "verwaltungPersonen",
          "title": "dashboard.tile.header.personen",
          "subtitle": "dashboard.tile.subHeader.verwaltung",
          "icon": "sap-icon://collaborate"
        },
        {
          "key": "verwaltungStandorte",
          "title": "dashboard.tile.header.hochschulstandorte",
          "subtitle": "dashboard.tile.subHeader.verwaltung",
          "icon": "sap-icon://study-leave"
        },
        {
          "key": "verwaltungNutzerRechte",
          "title": "dashboard.tile.header.nutzerRechte",
          "subtitle": "dashboard.tile.subHeader.verwaltung",
          "icon": "sap-icon://permission",
          "requiresPoweruser": true
        },
        {
          "key": "verwaltungNutzungDatenschutz",
          "title": "dashboard.tile.header.nutzungDatenschutz",
          "subtitle": "dashboard.tile.subHeader.verwaltung",
          "icon": "sap-icon://signature"
        }
      ]
    },
    {
      "title": "dashboard.title.dashboardverwaltung",

      "content": [
        {
          "key": "dashboardverwaltungNeuigkeiten",
          "title": "dashboard.tile.header.neuigkeiten",
          "subtitle": "dashboard.tile.subHeader.dashboardverwaltung",
          "icon": "sap-icon://newspaper",
          "spaceRequirement": "wide"
        },
        {
          "key": "dashboardverwaltungFaq",
          "title": "dashboard.tile.header.faq",
          "subtitle": "dashboard.tile.subHeader.dashboardverwaltung",
          "icon": "sap-icon://travel-request",
          "spaceRequirement": "wide"
        }
      ]
    }
  ]
}
