<edmx:Edmx xmlns:edmx="http://schemas.microsoft.com/ado/2007/06/edmx"
	xmlns:m="http://schemas.microsoft.com/ado/2007/08/dataservices/metadata" xmlns:sap="http://www.sap.com/Protocols/SAPData" Version="1.0">
	<edmx:DataServices m:DataServiceVersion="2.0">
		<Schema xmlns="http://schemas.microsoft.com/ado/2008/09/edm" Namespace="ZCD_SPERRINFORMATION_SRV" xml:lang="de" sap:schema-version="1">
			<EntityType Name="Sperren" sap:content-version="1">
				<Key><PropertyRef Name="Objekttyp"/><PropertyRef Name="Versnr"/><PropertyRef Name="SpartenKz"/><PropertyRef Name="Stichtag"/></Key><Property Name="Objekttyp" Type="Edm.String" Nullable="false" MaxLength="2" sap:unicode="false" sap:label="Objekttyp" sap:creatable="false"
					sap:updatable="false" sap:sortable="false"/><Property Name="Versnr" Type="Edm.String" Nullable="false" MaxLength="20" sap:unicode="false" sap:label="Externe Nummer"
					sap:creatable="false" sap:updatable="false" sap:sortable="false"/><Property Name="SpartenKz" Type="Edm.String" Nullable="false" MaxLength="2" sap:unicode="false" sap:label="Spartenkennzeichen"
					sap:creatable="false" sap:updatable="false" sap:sortable="false"/><Property Name="Stichtag" Type="Edm.DateTime" Nullable="false" Precision="7" sap:unicode="false" sap:label="aktuelles Datum"
					sap:creatable="false" sap:updatable="false" sap:sortable="false"/><Property Name="Gpart" Type="Edm.String" Nullable="false" MaxLength="10" sap:unicode="false" sap:label="Geschäftspartn."
					sap:creatable="false" sap:updatable="false" sap:sortable="false" sap:filterable="false"/><Property Name="Proid" Type="Edm.String" Nullable="false" MaxLength="2" sap:unicode="false" sap:label="Prozess" sap:creatable="false"
					sap:updatable="false" sap:sortable="false" sap:filterable="false"/><Property Name="Ptext" Type="Edm.String" Nullable="false" MaxLength="40" sap:unicode="false" sap:label="Text" sap:creatable="false"
					sap:updatable="false" sap:sortable="false" sap:filterable="false"/><Property Name="Lockr" Type="Edm.String" Nullable="false" MaxLength="1" sap:unicode="false" sap:label="Sperrgrund" sap:creatable="false"
					sap:updatable="false" sap:sortable="false" sap:filterable="false"/><Property Name="Lrtxt" Type="Edm.String" Nullable="false" MaxLength="40" sap:unicode="false" sap:label="Sperrgrundtext"
					sap:creatable="false" sap:updatable="false" sap:sortable="false" sap:filterable="false"/><Property Name="Fdate" Type="Edm.DateTime" Nullable="false" Precision="7" sap:unicode="false" sap:label="Von" sap:creatable="false"
					sap:updatable="false" sap:sortable="false" sap:filterable="false"/><Property Name="Tdate" Type="Edm.DateTime" Nullable="false" Precision="7" sap:unicode="false" sap:label="Bis" sap:creatable="false"
					sap:updatable="false" sap:sortable="false" sap:filterable="false"/></EntityType>
			<EntityContainer Name="ZCD_SPERRINFORMATION_SRV_Entities" m:IsDefaultEntityContainer="true" sap:supported-formats="atom json xlsx"><EntitySet Name="SperrenSet" EntityType="ZCD_SPERRINFORMATION_SRV.Sperren" sap:creatable="false" sap:updatable="false" sap:deletable="false"
				sap:pageable="false" sap:content-version="1"/></EntityContainer><atom:link xmlns:atom="http://www.w3.org/2005/Atom" rel="self" href="./sap/ZCD_SPERRINFORMATION_SRV/$metadata"/><atom:link xmlns:atom="http://www.w3.org/2005/Atom" rel="latest-version" href="./sap/ZCD_SPERRINFORMATION_SRV/$metadata"/></Schema>
	</edmx:DataServices>
</edmx:Edmx>