[
    {
        "HochschulId": "1",
        "Name": "Duale Hochschule Baden-Württemberg",
        "Kurzname": "DHBW",
        "HochschuleWebsite": "https://www.dhbw.de",
        "Hochschulportrait": {
            "Redaktionsstatus": "published",
            "TitelHochschulportrait": "Die Duale Hochschule Baden-Württemberg",
            "UeberschriftRedaktionellerInhalt": "",
            "Beschreibung": "Die Duale Hochschule Baden-Württemberg (DHBW) ist die erste staatliche duale, d.h. praxisintegrierende Hochschule in Deutschland. Sie wurde am 1. März 2009 gegründet und führt das seit über 40 Jahren erfolgreiche duale Modell der früheren Berufsakademie Baden-Württemberg fort. Bundesweit einzigartig ist die Organisationsstruktur der DHBW mit zentraler und dezentraler Ebene. An ihren neun Standorten und drei Campus bietet die DHBW in Kooperation mit rund 9.000 ausgewählten Unternehmen und sozialen Einrichtungen eine Vielzahl von national und international akkreditierten Bachelor-Studiengängen in den Bereichen Wirtschaft, Technik, Sozialwesen und Gesundheit an. Auch berufsintegrierende und berufsbegleitende Masterstudiengänge gehören zum Angebot der DHBW. Mit derzeit rund 35.000 Studierenden und über 170.000 Alumni ist die DHBW die größte Hochschule in Baden-Württemberg.\n\nDas zentrale Merkmal der DHBW ist ihr duales Studienkonzept mit den wechselnden Theorie- und Praxisphasen sowie der engen Kooperation zwischen der Hochschule und ihren Dualen Partnern. Diese wählen die Studierenden selbst aus, schließen mit ihnen einen dreijährigen Vertrag und bieten ihnen über die gesamte Studiendauer hinweg eine monatliche, fortlaufende Vergütung. Durch den Wechsel zwischen Theorie- und Praxisphasen im dreimonatigen Rhythmus erwerben die Studierenden neben fachlichem und methodischem Wissen praktisches Erfahrungswissen sowie die im Berufsalltag erforderliche Handlungs- und Sozialkompetenz. Theorie- und Praxisinhalte sind dabei eng aufeinander abgestimmt und beziehen aktuelle Entwicklungen in Wirtschaft, Technik und Gesellschaft in die Lehrpläne mit ein. Die in den Praxisphasen erbrachten Leistungen sind integrativer Bestandteil des Studiums, weshalb sämtliche Studiengänge der DHBW als Intensivstudiengänge anerkannt und mit 210 ECTS-Punkten bewertet sind."
        }
    },
    {
        "HochschulId": "2",
        "Name": "Universität Ulm",
        "Kurzname": "Uni Ulm",
        "HochschuleWebsite": "https://www.uni-ulm.de/",
        "Hochschulportrait": {
            "Redaktionsstatus": "published",
            "TitelHochschulportrait": "Das Profil der Universität Ulm",
            "UeberschriftRedaktionellerInhalt": "",
            "Beschreibung": "Die Universität Ulm wurde 1967 als jüngste Universität Baden-Württembergs gegründet und hat sich seitdem dynamisch entwickelt. Ein attraktives zukunftsträchtiges Fächerangebot, eine hohe Ausbildungsqualität, Internationalität, Interdisziplinarität und innovative Forschung auf höchstem Niveau kennzeichnen heute die Universität Ulm.\n\nMehr als 10.000 Studentinnen und Studenten werden in vier Fakultäten mit großem Engagement betreut. Die Fakultäten Ingenieurwissenschaften, Informatik und Psychologie, Mathematik und Wirtschaftswissenschaften, Medizin sowie Naturwissenschaften bieten über 60 deutsch- und englischsprachige Studiengänge an.\n\nAls junge Forschungsuniversität widmet sich die Universität Ulm globalen Herausforderungen der Zukunft: 12 strategische und interdisziplinäre Forschungsthemen tragen zu den Bereichen Alterung, Nachhaltigkeit, Technologie der Zukunft sowie Mensch und Gesundheit bei. Die Forschungsstärke der Universität Ulm belegen hohe Drittmitteleinnahmen und zahlreiche größere Verbundprojekte wie Sonderforschungsbereiche und ein Exzellenzcluster.\n\nDie Universität Ulm ist Motor und Mittelpunkt der Wissenschaftsstadt Ulm mit außeruniversitären Forschungseinrichtungen, Kliniken der Maximalversorgung und Technologie-Unternehmen."
        }
    },
    {
        "HochschulId": "3",
        "Name": "Technische Hochschule Ulm",
        "Kurzname": "THU",
        "HochschuleWebsite": "https://studium.hs-ulm.de/de/",
        "Hochschulportrait": {
            "Redaktionsstatus": "published",
            "TitelHochschulportrait": "Die Technische Hochschule Ulm",
            "UeberschriftRedaktionellerInhalt": "",
            "Beschreibung": "An der Technischen Hochschule Ulm wird zu aktuellen Themen geforscht und gelehrt – das Studium ist praxisorientiert und persönlich. Praktische Studienanteile, Praxissemester und Abschlussarbeiten in Kooperationen mit namhaften Unternehmen der Region ermöglichen die optimale Verbindung von Theorie und Anwendung. Studierende erfahren so die Praxis, können sich mit ihrem Wissen und ihren Talenten einbringen und die Zukunft der Technik mitgestalten. Die Hochschule begleitet die Studierenden optimal auf dem Weg in ihre berufliche Zukunft und bereitet sie bestmöglich auf ihr vielfältiges Berufsleben vor. Die wissenschaftlich fundierte Hochschulausbildung genießt einen sehr guten Ruf. Absolventen/innen der THU sind in Wirtschaft und Industrie gefragt und finden schnell attraktive und gut bezahlte Stellen."
        }
    }
]