{
    "pageTree": {
        "pages": [
            {
                "pageData": {
                    "title": "Studium",
                    "subtitle": "",
                    "path": "/studium",
                    "sortIndex": 0,
                    "parentPage": null,
                    "cleanURL": "studium",
                    "tags": ["Studium", "Beratung"],
                    "lastEditedAt": "20.01.2021",
                    "lastEditedBy": "rwurm",
                    "publishStatus": "Veröffentlicht"
                },
                "content": {},
                "pages": [
                    {
                        "pageData": {
                            "title": "Studiengangsuche",
                            "subtitle": "",
                            "path": "",
                            "sortIndex": 0,
                            "parentPage": "Studium",
                            "cleanURL": "",
                            "tags": [],
                            "lastEditedAt": "",
                            "lastEditedBy": "rwurm",
                            "publishStatus": "Veröffentlicht"
                        },
                        "content": {},
                        "pages": []
                    },
                    {
                        "pageData": {
                            "title": "Studienbereiche kennenlernen",
                            "subtitle": "",
                            "path": "",
                            "sortIndex": 1,
                            "parentPage": "Studium",
                            "cleanURL": "",
                            "tags": [],
                            "lastEditedAt": "",
                            "lastEditedBy": "rwurm",
                            "publishStatus": "Veröffentlicht"
                        },
                        "content": {},
                        "pages": []
                    },
                    {
                        "pageData": {
                            "title": "Hilfe bei der Studienwahl",
                            "subtitle": "",
                            "path": "",
                            "sortIndex": 2,
                            "parentPage": "Studium",
                            "cleanURL": "",
                            "tags": [],
                            "lastEditedAt": "",
                            "lastEditedBy": "rwurm",
                            "publishStatus": "Veröffentlicht"
                        },
                        "content": {},
                        "pages": [
                            {
                                "pageData": {
                                    "title": "Was will ich studieren?",
                                    "subtitle": "",
                                    "path": "",
                                    "sortIndex": 0,
                                    "parentPage": "Hilfe bei der Studienwahl",
                                    "cleanURL": "",
                                    "tags": [],
                                    "lastEditedAt": "",
                                    "lastEditedBy": "rwurm",
                                    "publishStatus": "Veröffentlicht"
                                },
                                "content": {},
                                "pages": []
                            },
                            {
                                "pageData": {
                                    "title": "Studienberatung",
                                    "subtitle": "",
                                    "path": "",
                                    "sortIndex": 1,
                                    "parentPage": "Hilfe bei der Studienwahl",
                                    "cleanURL": "",
                                    "tags": [],
                                    "lastEditedAt": "",
                                    "lastEditedBy": "rwurm",
                                    "publishStatus": "Veröffentlicht"
                                },
                                "content": {},
                                "pages": []
                            },
                            {
                                "pageData": {
                                    "title": "Hochschulinformationstage",
                                    "subtitle": "",
                                    "path": "",
                                    "sortIndex": 2,
                                    "parentPage": "Hilfe bei der Studienwahl",
                                    "cleanURL": "",
                                    "tags": [],
                                    "lastEditedAt": "",
                                    "lastEditedBy": "rwurm",
                                    "publishStatus": "Nicht veröffentlicht"
                                },
                                "content": {},
                                "pages": []
                            }
                        ]
                    }
                ]
            },
            {
                "pageData": {
                    "title": "Hochschulen",
                    "subtitle": "",
                    "path": "/hochschulen",
                    "sortIndex": 1,
                    "parentPage": null,
                    "cleanURL": "hochschulen",
                    "tags": ["Hochschulen", "Standorte"],
                    "lastEditedAt": "19.03.2020",
                    "lastEditedBy": "rwurm",
                    "publishStatus": "Veröffentlicht"
                },
                "content": {},
                "pages": [
                    {
                        "pageData": {
                            "title": "Hochschulsuche",
                            "subtitle": "",
                            "path": "",
                            "sortIndex": 1,
                            "parentPage": "Hochschulen",
                            "cleanURL": "",
                            "tags": [],
                            "lastEditedAt": "",
                            "lastEditedBy": "rwurm",
                            "publishStatus": "Veröffentlicht"
                        },
                        "content": {},
                        "pages": []
                    },
                    {
                        "pageData": {
                            "title": "Downloads",
                            "subtitle": "",
                            "path": "",
                            "sortIndex": 2,
                            "parentPage": "Hochschulen",
                            "cleanURL": "",
                            "tags": [],
                            "lastEditedAt": "",
                            "lastEditedBy": "rwurm",
                            "publishStatus": "Veröffentlicht"
                        },
                        "content": {},
                        "pages": []
                    }
                ]
            },
            {
                "pageData": {
                    "title": "Promotion",
                    "subtitle": "",
                    "path": "",
                    "sortIndex": 2,
                    "parentPage": null,
                    "cleanURL": "",
                    "tags": [],
                    "lastEditedAt": "10.12.2020",
                    "lastEditedBy": "rwurm",
                    "publishStatus": "Veröffentlicht"
                },
                "content": {},
                "pages": []
            },
            {
                "pageData": {
                    "title": "Über uns",
                    "subtitle": "",
                    "path": "",
                    "sortIndex": 3,
                    "parentPage": null,
                    "cleanURL": "",
                    "tags": [],
                    "lastEditedAt": "08.01.2021",
                    "lastEditedBy": "rwurm",
                    "publishStatus": "Nicht veröffentlicht"
                },
                "content": {},
                "pages": []
            },
            {
                "pageData": {
                    "title": "Mein Hochschulkompass",
                    "subtitle": "",
                    "path": "",
                    "sortIndex": 4,
                    "parentPage": null,
                    "cleanURL": "",
                    "tags": [],
                    "lastEditedAt": "29.12.2020",
                    "lastEditedBy": "rwurm",
                    "publishStatus": "Nicht veröffentlicht"
                },
                "content": {},
                "pages": []
            }
        ]
    }
}