[{
	"ZTarifKnzText": "ZTarifKnzText 1",
	"ZTarifKnz": "ZTarifKnz 1",
	"CondTable": "Tabname 1",
	"ZLfzIntName": "ZLfzIntName 1",
	"Krech": "Krech 1",
	"Kbetr": "Kbetr 1",
	"KbetrStd": "KbetrStd 1",
	"ZFondsGruppe": "ZFondsGruppe 1",
	"ZKollektivKnz": "ZKollektivKnz 1",
	"Datab": "/Date(1453468021000)/",
	"DatabStd": "/Date(1129205221000)/",
	"Datbi": "/Date(1116936421000)/",
	"DatbiStd": "/Date(1407499621000)/",
	"Knumh": "Knumh 1",
	"KnumhStd": "KnumhStd 1",
	"Konwa": "Konwa 1",
	"KonwaStd": "KonwaStd 1",
	"Kschl": "Kschl 1",
	"PCtrtXl": "PCtrtXl 1",
	"StcagrId": "StcagrId 1",
	"ZLfzIntervall": "ZLfzIntervall 1",
	"ZProdGruppe": "ZProdGruppe 1",
	"ZProdGruppeName": "ZProdGruppeName 1",
	"ZProdGruppeVerm": "ZProdGruppeVerm 1",
	"ZStatusInd": "ZStatusInd 1",
	"ZTarifwerk": "ZTarifwerk 1",
	"ZVerkaufsgruppe": "ZVerkaufsgruppe 1",
	"__metadata": {
		"uri": "KonditionenSet(CondTable='Tabname%201',KnumhStd='KnumhStd%201')",
		"type": "ZICM_PROV_VTR_SRV.Konditionen"
	}
}, {
	"ZTarifKnzText": "ZTarifKnzText 2",
	"ZTarifKnz": "ZTarifKnz 2",
	"CondTable": "Tabname 2",
	"ZLfzIntName": "ZLfzIntName 2",
	"Krech": "Krech 2",
	"Kbetr": "Kbetr 2",
	"KbetrStd": "KbetrStd 2",
	"ZFondsGruppe": "ZFondsGruppe 2",
	"ZKollektivKnz": "ZKollektivKnz 2",
	"Datab": "/Date(1477656421000)/",
	"DatabStd": "/Date(1517231221000)/",
	"Datbi": "/Date(1436962021000)/",
	"DatbiStd": "/Date(1317730021000)/",
	"Knumh": "Knumh 2",
	"KnumhStd": "KnumhStd 2",
	"Konwa": "Konwa 2",
	"KonwaStd": "KonwaStd 2",
	"Kschl": "Kschl 2",
	"PCtrtXl": "PCtrtXl 2",
	"StcagrId": "StcagrId 2",
	"ZLfzIntervall": "ZLfzIntervall 2",
	"ZProdGruppe": "ZProdGruppe 2",
	"ZProdGruppeName": "ZProdGruppeName 2",
	"ZProdGruppeVerm": "ZProdGruppeVerm 2",
	"ZStatusInd": "ZStatusInd 2",
	"ZTarifwerk": "ZTarifwerk 2",
	"ZVerkaufsgruppe": "ZVerkaufsgruppe 2",
	"__metadata": {
		"uri": "KonditionenSet(CondTable='Tabname%202',KnumhStd='KnumhStd%202')",
		"type": "ZICM_PROV_VTR_SRV.Konditionen"
	}
}, {
	"ZTarifKnzText": "ZTarifKnzText 3",
	"ZTarifKnz": "ZTarifKnz 3",
	"CondTable": "Tabname 3",
	"ZLfzIntName": "ZLfzIntName 3",
	"Krech": "Krech 3",
	"Kbetr": "Kbetr 3",
	"KbetrStd": "KbetrStd 3",
	"ZFondsGruppe": "ZFondsGruppe 3",
	"ZKollektivKnz": "ZKollektivKnz 3",
	"Datab": "/Date(1201612021000)/",
	"DatabStd": "/Date(1393160821000)/",
	"Datbi": "/Date(1559736421000)/",
	"DatbiStd": "/Date(1291468021000)/",
	"Knumh": "Knumh 3",
	"KnumhStd": "KnumhStd 3",
	"Konwa": "Konwa 3",
	"KonwaStd": "KonwaStd 3",
	"Kschl": "Kschl 3",
	"PCtrtXl": "PCtrtXl 3",
	"StcagrId": "StcagrId 3",
	"ZLfzIntervall": "ZLfzIntervall 3",
	"ZProdGruppe": "ZProdGruppe 3",
	"ZProdGruppeName": "ZProdGruppeName 3",
	"ZProdGruppeVerm": "ZProdGruppeVerm 3",
	"ZStatusInd": "ZStatusInd 3",
	"ZTarifwerk": "ZTarifwerk 3",
	"ZVerkaufsgruppe": "ZVerkaufsgruppe 3",
	"__metadata": {
		"uri": "KonditionenSet(CondTable='Tabname%203',KnumhStd='KnumhStd%203')",
		"type": "ZICM_PROV_VTR_SRV.Konditionen"
	}
}, {
	"ZTarifKnzText": "ZTarifKnzText 4",
	"ZTarifKnz": "ZTarifKnz 4",
	"CondTable": "Tabname 4",
	"ZLfzIntName": "ZLfzIntName 4",
	"Krech": "Krech 4",
	"Kbetr": "Kbetr 4",
	"KbetrStd": "KbetrStd 4",
	"ZFondsGruppe": "ZFondsGruppe 4",
	"ZKollektivKnz": "ZKollektivKnz 4",
	"Datab": "/Date(1046524021000)/",
	"DatabStd": "/Date(992002021000)/",
	"Datbi": "/Date(1124021221000)/",
	"DatbiStd": "/Date(1523534821000)/",
	"Knumh": "Knumh 4",
	"KnumhStd": "KnumhStd 4",
	"Konwa": "Konwa 4",
	"KonwaStd": "KonwaStd 4",
	"Kschl": "Kschl 4",
	"PCtrtXl": "PCtrtXl 4",
	"StcagrId": "StcagrId 4",
	"ZLfzIntervall": "ZLfzIntervall 4",
	"ZProdGruppe": "ZProdGruppe 4",
	"ZProdGruppeName": "ZProdGruppeName 4",
	"ZProdGruppeVerm": "ZProdGruppeVerm 4",
	"ZStatusInd": "ZStatusInd 4",
	"ZTarifwerk": "ZTarifwerk 4",
	"ZVerkaufsgruppe": "ZVerkaufsgruppe 4",
	"__metadata": {
		"uri": "KonditionenSet(CondTable='Tabname%204',KnumhStd='KnumhStd%204')",
		"type": "ZICM_PROV_VTR_SRV.Konditionen"
	}
}, {
	"ZTarifKnzText": "ZTarifKnzText 5",
	"ZTarifKnz": "ZTarifKnz 5",
	"CondTable": "Tabname 5",
	"ZLfzIntName": "ZLfzIntName 5",
	"Krech": "Krech 5",
	"Kbetr": "Kbetr 5",
	"KbetrStd": "KbetrStd 5",
	"ZFondsGruppe": "ZFondsGruppe 5",
	"ZKollektivKnz": "ZKollektivKnz 5",
	"Datab": "/Date(1394716021000)/",
	"DatabStd": "/Date(1118491621000)/",
	"Datbi": "/Date(1165324021000)/",
	"DatbiStd": "/Date(1574860021000)/",
	"Knumh": "Knumh 5",
	"KnumhStd": "KnumhStd 5",
	"Konwa": "Konwa 5",
	"KonwaStd": "KonwaStd 5",
	"Kschl": "Kschl 5",
	"PCtrtXl": "PCtrtXl 5",
	"StcagrId": "StcagrId 5",
	"ZLfzIntervall": "ZLfzIntervall 5",
	"ZProdGruppe": "ZProdGruppe 5",
	"ZProdGruppeName": "ZProdGruppeName 5",
	"ZProdGruppeVerm": "ZProdGruppeVerm 5",
	"ZStatusInd": "ZStatusInd 5",
	"ZTarifwerk": "ZTarifwerk 5",
	"ZVerkaufsgruppe": "ZVerkaufsgruppe 5",
	"__metadata": {
		"uri": "KonditionenSet(CondTable='Tabname%205',KnumhStd='KnumhStd%205')",
		"type": "ZICM_PROV_VTR_SRV.Konditionen"
	}
}, {
	"ZTarifKnzText": "ZTarifKnzText 6",
	"ZTarifKnz": "ZTarifKnz 6",
	"CondTable": "Tabname 6",
	"ZLfzIntName": "ZLfzIntName 6",
	"Krech": "Krech 6",
	"Kbetr": "Kbetr 6",
	"KbetrStd": "KbetrStd 6",
	"ZFondsGruppe": "ZFondsGruppe 6",
	"ZKollektivKnz": "ZKollektivKnz 6",
	"Datab": "/Date(1565352421000)/",
	"DatabStd": "/Date(1424005621000)/",
	"Datbi": "/Date(1057147621000)/",
	"DatbiStd": "/Date(1567426021000)/",
	"Knumh": "Knumh 6",
	"KnumhStd": "KnumhStd 6",
	"Konwa": "Konwa 6",
	"KonwaStd": "KonwaStd 6",
	"Kschl": "Kschl 6",
	"PCtrtXl": "PCtrtXl 6",
	"StcagrId": "StcagrId 6",
	"ZLfzIntervall": "ZLfzIntervall 6",
	"ZProdGruppe": "ZProdGruppe 6",
	"ZProdGruppeName": "ZProdGruppeName 6",
	"ZProdGruppeVerm": "ZProdGruppeVerm 6",
	"ZStatusInd": "ZStatusInd 6",
	"ZTarifwerk": "ZTarifwerk 6",
	"ZVerkaufsgruppe": "ZVerkaufsgruppe 6",
	"__metadata": {
		"uri": "KonditionenSet(CondTable='Tabname%206',KnumhStd='KnumhStd%206')",
		"type": "ZICM_PROV_VTR_SRV.Konditionen"
	}
}, {
	"ZTarifKnzText": "ZTarifKnzText 7",
	"ZTarifKnz": "ZTarifKnz 7",
	"CondTable": "Tabname 7",
	"ZLfzIntName": "ZLfzIntName 7",
	"Krech": "Krech 7",
	"Kbetr": "Kbetr 7",
	"KbetrStd": "KbetrStd 7",
	"ZFondsGruppe": "ZFondsGruppe 7",
	"ZKollektivKnz": "ZKollektivKnz 7",
	"Datab": "/Date(1497701221000)/",
	"DatabStd": "/Date(1115035621000)/",
	"Datbi": "/Date(1413374821000)/",
	"DatbiStd": "/Date(1139317621000)/",
	"Knumh": "Knumh 7",
	"KnumhStd": "KnumhStd 7",
	"Konwa": "Konwa 7",
	"KonwaStd": "KonwaStd 7",
	"Kschl": "Kschl 7",
	"PCtrtXl": "PCtrtXl 7",
	"StcagrId": "StcagrId 7",
	"ZLfzIntervall": "ZLfzIntervall 7",
	"ZProdGruppe": "ZProdGruppe 7",
	"ZProdGruppeName": "ZProdGruppeName 7",
	"ZProdGruppeVerm": "ZProdGruppeVerm 7",
	"ZStatusInd": "ZStatusInd 7",
	"ZTarifwerk": "ZTarifwerk 7",
	"ZVerkaufsgruppe": "ZVerkaufsgruppe 7",
	"__metadata": {
		"uri": "KonditionenSet(CondTable='Tabname%207',KnumhStd='KnumhStd%207')",
		"type": "ZICM_PROV_VTR_SRV.Konditionen"
	}
}, {
	"ZTarifKnzText": "ZTarifKnzText 8",
	"ZTarifKnz": "ZTarifKnz 8",
	"CondTable": "Tabname 8",
	"ZLfzIntName": "ZLfzIntName 8",
	"Krech": "Krech 8",
	"Kbetr": "Kbetr 8",
	"KbetrStd": "KbetrStd 8",
	"ZFondsGruppe": "ZFondsGruppe 8",
	"ZKollektivKnz": "ZKollektivKnz 8",
	"Datab": "/Date(1434542821000)/",
	"DatabStd": "/Date(1075208821000)/",
	"Datbi": "/Date(958306021000)/",
	"DatbiStd": "/Date(1302091621000)/",
	"Knumh": "Knumh 8",
	"KnumhStd": "KnumhStd 8",
	"Konwa": "Konwa 8",
	"KonwaStd": "KonwaStd 8",
	"Kschl": "Kschl 8",
	"PCtrtXl": "PCtrtXl 8",
	"StcagrId": "StcagrId 8",
	"ZLfzIntervall": "ZLfzIntervall 8",
	"ZProdGruppe": "ZProdGruppe 8",
	"ZProdGruppeName": "ZProdGruppeName 8",
	"ZProdGruppeVerm": "ZProdGruppeVerm 8",
	"ZStatusInd": "ZStatusInd 8",
	"ZTarifwerk": "ZTarifwerk 8",
	"ZVerkaufsgruppe": "ZVerkaufsgruppe 8",
	"__metadata": {
		"uri": "KonditionenSet(CondTable='Tabname%208',KnumhStd='KnumhStd%208')",
		"type": "ZICM_PROV_VTR_SRV.Konditionen"
	}
}, {
	"ZTarifKnzText": "ZTarifKnzText 9",
	"ZTarifKnz": "ZTarifKnz 9",
	"CondTable": "Tabname 9",
	"ZLfzIntName": "ZLfzIntName 9",
	"Krech": "Krech 9",
	"Kbetr": "Kbetr 9",
	"KbetrStd": "KbetrStd 9",
	"ZFondsGruppe": "ZFondsGruppe 9",
	"ZKollektivKnz": "ZKollektivKnz 9",
	"Datab": "/Date(1066738021000)/",
	"DatabStd": "/Date(1354453621000)/",
	"Datbi": "/Date(1387544821000)/",
	"DatbiStd": "/Date(1028290021000)/",
	"Knumh": "Knumh 9",
	"KnumhStd": "KnumhStd 9",
	"Konwa": "Konwa 9",
	"KonwaStd": "KonwaStd 9",
	"Kschl": "Kschl 9",
	"PCtrtXl": "PCtrtXl 9",
	"StcagrId": "StcagrId 9",
	"ZLfzIntervall": "ZLfzIntervall 9",
	"ZProdGruppe": "ZProdGruppe 9",
	"ZProdGruppeName": "ZProdGruppeName 9",
	"ZProdGruppeVerm": "ZProdGruppeVerm 9",
	"ZStatusInd": "ZStatusInd 9",
	"ZTarifwerk": "ZTarifwerk 9",
	"ZVerkaufsgruppe": "ZVerkaufsgruppe 9",
	"__metadata": {
		"uri": "KonditionenSet(CondTable='Tabname%209',KnumhStd='KnumhStd%209')",
		"type": "ZICM_PROV_VTR_SRV.Konditionen"
	}
}, {
	"ZTarifKnzText": "ZTarifKnzText 10",
	"ZTarifKnz": "ZTarifKnz 10",
	"CondTable": "Tabname 10",
	"ZLfzIntName": "ZLfzIntName 10",
	"Krech": "Krech 10",
	"Kbetr": "Kbetr 10",
	"KbetrStd": "KbetrStd 10",
	"ZFondsGruppe": "ZFondsGruppe 10",
	"ZKollektivKnz": "ZKollektivKnz 10",
	"Datab": "/Date(1148386021000)/",
	"DatabStd": "/Date(1093608421000)/",
	"Datbi": "/Date(1469016421000)/",
	"DatbiStd": "/Date(1496578021000)/",
	"Knumh": "Knumh 10",
	"KnumhStd": "KnumhStd 10",
	"Konwa": "Konwa 10",
	"KonwaStd": "KonwaStd 10",
	"Kschl": "Kschl 10",
	"PCtrtXl": "PCtrtXl 10",
	"StcagrId": "StcagrId 10",
	"ZLfzIntervall": "ZLfzIntervall 10",
	"ZProdGruppe": "ZProdGruppe 10",
	"ZProdGruppeName": "ZProdGruppeName 10",
	"ZProdGruppeVerm": "ZProdGruppeVerm 10",
	"ZStatusInd": "ZStatusInd 10",
	"ZTarifwerk": "ZTarifwerk 10",
	"ZVerkaufsgruppe": "ZVerkaufsgruppe 10",
	"__metadata": {
		"uri": "KonditionenSet(CondTable='Tabname%2010',KnumhStd='KnumhStd%2010')",
		"type": "ZICM_PROV_VTR_SRV.Konditionen"
	}
}]