[{
	"BucagrId": "BucagrId 1",
	"BusiBegin": "/Date(1013432810000)/",
	"Ddtext": "Ddtext 1",
	"StcagrId": "StcagrId 1",
	"Tabname": "Tabname 1",
	"TechBegin": "/Date(972997610000)/",
	"__metadata": {
		"uri": "KonditionsTabSet('Tabname%201')",
		"type": "ZICM_PROV_VTR_SRV.KonditionsTab"
	},
	"ToKond": {
		"__deferred": {
			"uri": "KonditionsTabSet('Tabname%201')/ToKond"
		}
	}
}, {
	"BucagrId": "BucagrId 2",
	"BusiBegin": "/Date(1351080410000)/",
	"Ddtext": "Ddtext 2",
	"StcagrId": "StcagrId 2",
	"Tabname": "Tabname 2",
	"TechBegin": "/Date(1014124010000)/",
	"__metadata": {
		"uri": "KonditionsTabSet('Tabname%202')",
		"type": "ZICM_PROV_VTR_SRV.KonditionsTab"
	},
	"ToKond": {
		"__deferred": {
			"uri": "KonditionsTabSet('Tabname%202')/ToKond"
		}
	}
}, {
	"BucagrId": "BucagrId 3",
	"BusiBegin": "/Date(1304251610000)/",
	"Ddtext": "Ddtext 3",
	"StcagrId": "StcagrId 3",
	"Tabname": "Tabname 3",
	"TechBegin": "/Date(1504699610000)/",
	"__metadata": {
		"uri": "KonditionsTabSet('Tabname%203')",
		"type": "ZICM_PROV_VTR_SRV.KonditionsTab"
	},
	"ToKond": {
		"__deferred": {
			"uri": "KonditionsTabSet('Tabname%203')/ToKond"
		}
	}
}, {
	"BucagrId": "BucagrId 4",
	"BusiBegin": "/Date(1168175210000)/",
	"Ddtext": "Ddtext 4",
	"StcagrId": "StcagrId 4",
	"Tabname": "Tabname 4",
	"TechBegin": "/Date(1417093610000)/",
	"__metadata": {
		"uri": "KonditionsTabSet('Tabname%204')",
		"type": "ZICM_PROV_VTR_SRV.KonditionsTab"
	},
	"ToKond": {
		"__deferred": {
			"uri": "KonditionsTabSet('Tabname%204')/ToKond"
		}
	}
}, {
	"BucagrId": "BucagrId 5",
	"BusiBegin": "/Date(1330520810000)/",
	"Ddtext": "Ddtext 5",
	"StcagrId": "StcagrId 5",
	"Tabname": "Tabname 5",
	"TechBegin": "/Date(1346674010000)/",
	"__metadata": {
		"uri": "KonditionsTabSet('Tabname%205')",
		"type": "ZICM_PROV_VTR_SRV.KonditionsTab"
	},
	"ToKond": {
		"__deferred": {
			"uri": "KonditionsTabSet('Tabname%205')/ToKond"
		}
	}
}, {
	"BucagrId": "BucagrId 6",
	"BusiBegin": "/Date(1483621610000)/",
	"Ddtext": "Ddtext 6",
	"StcagrId": "StcagrId 6",
	"Tabname": "Tabname 6",
	"TechBegin": "/Date(1493035610000)/",
	"__metadata": {
		"uri": "KonditionsTabSet('Tabname%206')",
		"type": "ZICM_PROV_VTR_SRV.KonditionsTab"
	},
	"ToKond": {
		"__deferred": {
			"uri": "KonditionsTabSet('Tabname%206')/ToKond"
		}
	}
}, {
	"BucagrId": "BucagrId 7",
	"BusiBegin": "/Date(1401192410000)/",
	"Ddtext": "Ddtext 7",
	"StcagrId": "StcagrId 7",
	"Tabname": "Tabname 7",
	"TechBegin": "/Date(1267621610000)/",
	"__metadata": {
		"uri": "KonditionsTabSet('Tabname%207')",
		"type": "ZICM_PROV_VTR_SRV.KonditionsTab"
	},
	"ToKond": {
		"__deferred": {
			"uri": "KonditionsTabSet('Tabname%207')/ToKond"
		}
	}
}, {
	"BucagrId": "BucagrId 8",
	"BusiBegin": "/Date(1564056410000)/",
	"Ddtext": "Ddtext 8",
	"StcagrId": "StcagrId 8",
	"Tabname": "Tabname 8",
	"TechBegin": "/Date(958824410000)/",
	"__metadata": {
		"uri": "KonditionsTabSet('Tabname%208')",
		"type": "ZICM_PROV_VTR_SRV.KonditionsTab"
	},
	"ToKond": {
		"__deferred": {
			"uri": "KonditionsTabSet('Tabname%208')/ToKond"
		}
	}
}, {
	"BucagrId": "BucagrId 9",
	"BusiBegin": "/Date(1101647210000)/",
	"Ddtext": "Ddtext 9",
	"StcagrId": "StcagrId 9",
	"Tabname": "Tabname 9",
	"TechBegin": "/Date(1040044010000)/",
	"__metadata": {
		"uri": "KonditionsTabSet('Tabname%209')",
		"type": "ZICM_PROV_VTR_SRV.KonditionsTab"
	},
	"ToKond": {
		"__deferred": {
			"uri": "KonditionsTabSet('Tabname%209')/ToKond"
		}
	}
}, {
	"BucagrId": "BucagrId 10",
	"BusiBegin": "/Date(973084018000)/",
	"Ddtext": "Ddtext 10",
	"StcagrId": "StcagrId 10",
	"Tabname": "Tabname 10",
	"TechBegin": "/Date(1164978418000)/",
	"__metadata": {
		"uri": "KonditionsTabSet('Tabname%2010')",
		"type": "ZICM_PROV_VTR_SRV.KonditionsTab"
	},
	"ToKond": {
		"__deferred": {
			"uri": "KonditionsTabSet('Tabname%2010')/ToKond"
		}
	}
}, {
	"BucagrId": "BucagrId 10",
	"BusiBegin": "/Date(973084018000)/",
	"Ddtext": "Ddtext 100",
	"StcagrId": "StcagrId 10",
	"Tabname": "Tabname 100",
	"TechBegin": "/Date(1164978418000)/",
	"__metadata": {
		"uri": "KonditionsTabSet('Tabname%20100')",
		"type": "ZICM_PROV_VTR_SRV.KonditionsTab"
	},
	"ToKond": {
		"__deferred": {
			"uri": "KonditionsTabSet('Tabname%20100')/ToKond"
		}
	}
}]