[{
	"BusiBegin": "/Date(1545743218000)/",
	"ZVerszweig": "ZVerszweig 1",
	"Version": "Version 1",
	"CtrtbuId": "CtrtbuId 1",
	"BusiEnd": "/Date(992520414000)/",
	"BucagrId": "BucagrId 1",
	"TechBegin": "/Date(1554725218000)/",
	"StcagrId": "StcagrId 1",
	"Bezeichnung": "Bezeichnung 1",
	"AgrTyp": "AgrTyp 1",
	"__metadata": {
		"uri": "LeiVergVereinbarungenSet(BusiBegin=datetime'2018-12-25T13%3A06%3A58',BucagrId='BucagrId%201',TechBegin=datetime'2019-04-08T12%3A06%3A58',StcagrId='StcagrId%201')",
		"type": "ZICM_PROV_VTR_SRV.LeiVergVereinbarungen"
	},
	"ToKondTab": {
		"__deferred": {
			"uri": "LeiVergVereinbarungenSet(BusiBegin=datetime'2018-12-25T13%3A06%3A58',BucagrId='BucagrId%201',TechBegin=datetime'2019-04-08T12%3A06%3A58',StcagrId='StcagrId%201')/ToKondTab"
		}
	}
}, {
	"BusiBegin": "/Date(1449493614000)/",
	"ZVerszweig": "ZVerszweig 2",
	"Version": "Version 2",
	"CtrtbuId": "CtrtbuId 2",
	"BusiEnd": "/Date(1143205614000)/",
	"BucagrId": "BucagrId 2",
	"TechBegin": "/Date(1505650014000)/",
	"StcagrId": "StcagrId 2",
	"Bezeichnung": "Bezeichnung 2",
	"AgrTyp": "AgrTyp 2",
	"__metadata": {
		"uri": "LeiVergVereinbarungenSet(BusiBegin=datetime'2012-10-24T12%3A06%3A54',BucagrId='BucagrId%202',TechBegin=datetime'2002-02-19T13%3A06%3A54',StcagrId='StcagrId%202')",
		"type": "ZICM_PROV_VTR_SRV.LeiVergVereinbarungen"
	},
	"ToKondTab": {
		"__deferred": {
			"uri": "LeiVergVereinbarungenSet(BusiBegin=datetime'2012-10-24T12%3A06%3A54',BucagrId='BucagrId%202',TechBegin=datetime'2002-02-19T13%3A06%3A54',StcagrId='StcagrId%202')/ToKondTab"
		}
	}
}, {
	"BusiBegin": "/Date(1055160414000)/",
	"ZVerszweig": "ZVerszweig 3",
	"Version": "Version 3",
	"CtrtbuId": "CtrtbuId 3",
	"BusiEnd": "/Date(1238245614000)/",
	"BucagrId": "BucagrId 3",
	"TechBegin": "/Date(1406549214000)/",
	"StcagrId": "StcagrId 3",
	"Bezeichnung": "Bezeichnung 3",
	"AgrTyp": "AgrTyp 3",
	"__metadata": {
		"uri": "LeiVergVereinbarungenSet(BusiBegin=datetime'2011-05-01T12%3A06%3A54',BucagrId='BucagrId%203',TechBegin=datetime'2017-09-06T12%3A06%3A54',StcagrId='StcagrId%203')",
		"type": "ZICM_PROV_VTR_SRV.LeiVergVereinbarungen"
	},
	"ToKondTab": {
		"__deferred": {
			"uri": "LeiVergVereinbarungenSet(BusiBegin=datetime'2011-05-01T12%3A06%3A54',BucagrId='BucagrId%203',TechBegin=datetime'2017-09-06T12%3A06%3A54',StcagrId='StcagrId%203')/ToKondTab"
		}
	}
}, {
	"BusiBegin": "/Date(950015214000)/",
	"ZVerszweig": "ZVerszweig 4",
	"Version": "Version 4",
	"CtrtbuId": "CtrtbuId 4",
	"BusiEnd": "/Date(1144843614000)/",
	"BucagrId": "BucagrId 4",
	"TechBegin": "/Date(1178453214000)/",
	"StcagrId": "StcagrId 4",
	"Bezeichnung": "Bezeichnung 4",
	"AgrTyp": "AgrTyp 4",
	"__metadata": {
		"uri": "LeiVergVereinbarungenSet(BusiBegin=datetime'2007-01-07T13%3A06%3A54',BucagrId='BucagrId%204',TechBegin=datetime'2014-11-27T13%3A06%3A54',StcagrId='StcagrId%204')",
		"type": "ZICM_PROV_VTR_SRV.LeiVergVereinbarungen"
	},
	"ToKondTab": {
		"__deferred": {
			"uri": "LeiVergVereinbarungenSet(BusiBegin=datetime'2007-01-07T13%3A06%3A54',BucagrId='BucagrId%204',TechBegin=datetime'2014-11-27T13%3A06%3A54',StcagrId='StcagrId%204')/ToKondTab"
		}
	}
}, {
	"BusiBegin": "/Date(1078405614000)/",
	"ZVerszweig": "ZVerszweig 5",
	"Version": "Version 5",
	"CtrtbuId": "CtrtbuId 5",
	"BusiEnd": "/Date(976367214000)/",
	"BucagrId": "BucagrId 5",
	"TechBegin": "/Date(1070024814000)/",
	"StcagrId": "StcagrId 5",
	"Bezeichnung": "Bezeichnung 5",
	"AgrTyp": "AgrTyp 5",
	"__metadata": {
		"uri": "LeiVergVereinbarungenSet(BusiBegin=datetime'2012-02-29T13%3A06%3A54',BucagrId='BucagrId%205',TechBegin=datetime'2012-09-03T12%3A06%3A54',StcagrId='StcagrId%205')",
		"type": "ZICM_PROV_VTR_SRV.LeiVergVereinbarungen"
	},
	"ToKondTab": {
		"__deferred": {
			"uri": "LeiVergVereinbarungenSet(BusiBegin=datetime'2012-02-29T13%3A06%3A54',BucagrId='BucagrId%205',TechBegin=datetime'2012-09-03T12%3A06%3A54',StcagrId='StcagrId%205')/ToKondTab"
		}
	}
}, {
	"BusiBegin": "/Date(1400328414000)/",
	"ZVerszweig": "ZVerszweig 6",
	"Version": "Version 6",
	"CtrtbuId": "CtrtbuId 6",
	"BusiEnd": "/Date(1449061614000)/",
	"BucagrId": "BucagrId 6",
	"TechBegin": "/Date(1446988014000)/",
	"StcagrId": "StcagrId 6",
	"Bezeichnung": "Bezeichnung 6",
	"AgrTyp": "AgrTyp 6",
	"__metadata": {
		"uri": "LeiVergVereinbarungenSet(BusiBegin=datetime'2017-01-05T13%3A06%3A54',BucagrId='BucagrId%206',TechBegin=datetime'2017-04-24T12%3A06%3A54',StcagrId='StcagrId%206')",
		"type": "ZICM_PROV_VTR_SRV.LeiVergVereinbarungen"
	},
	"ToKondTab": {
		"__deferred": {
			"uri": "LeiVergVereinbarungenSet(BusiBegin=datetime'2017-01-05T13%3A06%3A54',BucagrId='BucagrId%206',TechBegin=datetime'2017-04-24T12%3A06%3A54',StcagrId='StcagrId%206')/ToKondTab"
		}
	}
}, {
	"BusiBegin": "/Date(1364731614000)/",
	"ZVerszweig": "ZVerszweig 7",
	"Version": "Version 7",
	"CtrtbuId": "CtrtbuId 7",
	"BusiEnd": "/Date(1452690414000)/",
	"BucagrId": "BucagrId 7",
	"TechBegin": "/Date(1487077614000)/",
	"StcagrId": "StcagrId 7",
	"Bezeichnung": "Bezeichnung 7",
	"AgrTyp": "AgrTyp 7",
	"__metadata": {
		"uri": "LeiVergVereinbarungenSet(BusiBegin=datetime'2014-05-27T12%3A06%3A54',BucagrId='BucagrId%207',TechBegin=datetime'2010-03-03T13%3A06%3A54',StcagrId='StcagrId%207')",
		"type": "ZICM_PROV_VTR_SRV.LeiVergVereinbarungen"
	},
	"ToKondTab": {
		"__deferred": {
			"uri": "LeiVergVereinbarungenSet(BusiBegin=datetime'2014-05-27T12%3A06%3A54',BucagrId='BucagrId%207',TechBegin=datetime'2010-03-03T13%3A06%3A54',StcagrId='StcagrId%207')/ToKondTab"
		}
	}
}, {
	"BusiBegin": "/Date(1166706414000)/",
	"ZVerszweig": "ZVerszweig 8",
	"Version": "Version 8",
	"CtrtbuId": "CtrtbuId 8",
	"BusiEnd": "/Date(1506514014000)/",
	"BucagrId": "BucagrId 8",
	"TechBegin": "/Date(1010927214000)/",
	"StcagrId": "StcagrId 8",
	"Bezeichnung": "Bezeichnung 8",
	"AgrTyp": "AgrTyp 8",
	"__metadata": {
		"uri": "LeiVergVereinbarungenSet(BusiBegin=datetime'2019-07-25T12%3A06%3A54',BucagrId='BucagrId%208',TechBegin=datetime'2000-05-20T12%3A06%3A54',StcagrId='StcagrId%208')",
		"type": "ZICM_PROV_VTR_SRV.LeiVergVereinbarungen"
	},
	"ToKondTab": {
		"__deferred": {
			"uri": "LeiVergVereinbarungenSet(BusiBegin=datetime'2019-07-25T12%3A06%3A54',BucagrId='BucagrId%208',TechBegin=datetime'2000-05-20T12%3A06%3A54',StcagrId='StcagrId%208')/ToKondTab"
		}
	}
}, {
	"BusiBegin": "/Date(1531138014000)/",
	"ZVerszweig": "ZVerszweig 9",
	"Version": "Version 9",
	"CtrtbuId": "CtrtbuId 9",
	"BusiEnd": "/Date(1445083614000)/",
	"BucagrId": "BucagrId 9",
	"TechBegin": "/Date(1248005214000)/",
	"StcagrId": "StcagrId 9",
	"Bezeichnung": "Bezeichnung 9",
	"AgrTyp": "AgrTyp 9",
	"__metadata": {
		"uri": "LeiVergVereinbarungenSet(BusiBegin=datetime'2004-11-28T13%3A06%3A54',BucagrId='BucagrId%209',TechBegin=datetime'2002-12-16T13%3A06%3A54',StcagrId='StcagrId%209')",
		"type": "ZICM_PROV_VTR_SRV.LeiVergVereinbarungen"
	},
	"ToKondTab": {
		"__deferred": {
			"uri": "LeiVergVereinbarungenSet(BusiBegin=datetime'2004-11-28T13%3A06%3A54',BucagrId='BucagrId%209',TechBegin=datetime'2002-12-16T13%3A06%3A54',StcagrId='StcagrId%209')/ToKondTab"
		}
	}
}, {
	"BusiBegin": "/Date(973084018000)/",
	"ZVerszweig": "ZVerszweig 10",
	"Version": "Version 10",
	"CtrtbuId": "CtrtbuId 10",
	"BusiEnd": "/Date(1171544814000)/",
	"BucagrId": "BucagrId 10",
	"TechBegin": "/Date(1164978418000)/",
	"StcagrId": "StcagrId 10",
	"Bezeichnung": "Bezeichnung 10",
	"AgrTyp": "AgrTyp 10",
	"__metadata": {
		"uri": "LeiVergVereinbarungenSet(BusiBegin=datetime'2000-11-01T13%3A06%3A58',BucagrId='BucagrId%2010',TechBegin=datetime'2006-12-01T13%3A06%3A58',StcagrId='StcagrId%2010')",
		"type": "ZICM_PROV_VTR_SRV.LeiVergVereinbarungen"
	},
	"ToKondTab": {
		"__deferred": {
			"uri": "LeiVergVereinbarungenSet(BusiBegin=datetime'2004-08-15T12%3A06%3A54',BucagrId='BucagrId%2010',TechBegin=datetime'2003-12-08T13%3A06%3A54',StcagrId='StcagrId%2010')/ToKondTab"
		}
	}
}]