[{
	"BusiBegin": "/Date(1545743226000)/",
	"ChgReason": "ChgReason 1",
	"BusiEnd": "/Date(1017234426000)/",
	"ChgReasonTxt": "ChgReasonTxt 1",
	"CtrtbuId": "CtrtbuId 1",
	"TechBegin": "/Date(1554725226000)/",
	"Version": "Version 1",
	"__metadata": {
		"uri": "ProvVertVersionSet(BusiBegin=datetime'2018-12-25T13%3A07%3A06',CtrtbuId='CtrtbuId%201',TechBegin=datetime'2019-04-08T12%3A07%3A06')",
		"type": "ZICM_PROV_VTR_SRV.ProvVertVersion"
	}
}, {
	"BusiBegin": "/Date(1449493626000)/",
	"ChgReason": "ChgReason 2",
	"BusiEnd": "/Date(1298380026000)/",
	"ChgReasonTxt": "ChgReasonTxt 2",
	"CtrtbuId": "CtrtbuId 2",
	"TechBegin": "/Date(1505650026000)/",
	"Version": "Version 2",
	"__metadata": {
		"uri": "ProvVertVersionSet(BusiBegin=datetime'2015-12-07T13%3A07%3A06',CtrtbuId='CtrtbuId%202',TechBegin=datetime'2017-09-17T12%3A07%3A06')",
		"type": "ZICM_PROV_VTR_SRV.ProvVertVersion"
	}
}, {
	"BusiBegin": "/Date(1055160426000)/",
	"ChgReason": "ChgReason 3",
	"BusiEnd": "/Date(1508242026000)/",
	"ChgReasonTxt": "ChgReasonTxt 3",
	"CtrtbuId": "CtrtbuId 3",
	"TechBegin": "/Date(1406549226000)/",
	"Version": "Version 3",
	"__metadata": {
		"uri": "ProvVertVersionSet(BusiBegin=datetime'2003-06-09T12%3A07%3A06',CtrtbuId='CtrtbuId%203',TechBegin=datetime'2014-07-28T12%3A07%3A06')",
		"type": "ZICM_PROV_VTR_SRV.ProvVertVersion"
	}
}, {
	"BusiBegin": "/Date(950015226000)/",
	"ChgReason": "ChgReason 4",
	"BusiEnd": "/Date(1237727226000)/",
	"ChgReasonTxt": "ChgReasonTxt 4",
	"CtrtbuId": "CtrtbuId 4",
	"TechBegin": "/Date(1178453226000)/",
	"Version": "Version 4",
	"__metadata": {
		"uri": "ProvVertVersionSet(BusiBegin=datetime'2000-02-08T13%3A07%3A06',CtrtbuId='CtrtbuId%204',TechBegin=datetime'2007-05-06T12%3A07%3A06')",
		"type": "ZICM_PROV_VTR_SRV.ProvVertVersion"
	}
}, {
	"BusiBegin": "/Date(1078405626000)/",
	"ChgReason": "ChgReason 5",
	"BusiEnd": "/Date(1008421626000)/",
	"ChgReasonTxt": "ChgReasonTxt 5",
	"CtrtbuId": "CtrtbuId 5",
	"TechBegin": "/Date(1070024826000)/",
	"Version": "Version 5",
	"__metadata": {
		"uri": "ProvVertVersionSet(BusiBegin=datetime'2004-03-04T13%3A07%3A06',CtrtbuId='CtrtbuId%205',TechBegin=datetime'2003-11-28T13%3A07%3A06')",
		"type": "ZICM_PROV_VTR_SRV.ProvVertVersion"
	}
}, {
	"BusiBegin": "/Date(1400328426000)/",
	"ChgReason": "ChgReason 6",
	"BusiEnd": "/Date(1429618026000)/",
	"ChgReasonTxt": "ChgReasonTxt 6",
	"CtrtbuId": "CtrtbuId 6",
	"TechBegin": "/Date(1446988026000)/",
	"Version": "Version 6",
	"__metadata": {
		"uri": "ProvVertVersionSet(BusiBegin=datetime'2014-05-17T12%3A07%3A06',CtrtbuId='CtrtbuId%206',TechBegin=datetime'2015-11-08T13%3A07%3A06')",
		"type": "ZICM_PROV_VTR_SRV.ProvVertVersion"
	}
}, {
	"BusiBegin": "/Date(1364731626000)/",
	"ChgReason": "ChgReason 7",
	"BusiEnd": "/Date(1433851626000)/",
	"ChgReasonTxt": "ChgReasonTxt 7",
	"CtrtbuId": "CtrtbuId 7",
	"TechBegin": "/Date(1487077626000)/",
	"Version": "Version 7",
	"__metadata": {
		"uri": "ProvVertVersionSet(BusiBegin=datetime'2013-03-31T12%3A07%3A06',CtrtbuId='CtrtbuId%207',TechBegin=datetime'2017-02-14T13%3A07%3A06')",
		"type": "ZICM_PROV_VTR_SRV.ProvVertVersion"
	}
}, {
	"BusiBegin": "/Date(1166706426000)/",
	"ChgReason": "ChgReason 8",
	"BusiEnd": "/Date(1053086826000)/",
	"ChgReasonTxt": "ChgReasonTxt 8",
	"CtrtbuId": "CtrtbuId 8",
	"TechBegin": "/Date(1010927226000)/",
	"Version": "Version 8",
	"__metadata": {
		"uri": "ProvVertVersionSet(BusiBegin=datetime'2006-12-21T13%3A07%3A06',CtrtbuId='CtrtbuId%208',TechBegin=datetime'2002-01-13T13%3A07%3A06')",
		"type": "ZICM_PROV_VTR_SRV.ProvVertVersion"
	}
}, {
	"BusiBegin": "/Date(1531138026000)/",
	"ChgReason": "ChgReason 9",
	"BusiEnd": "/Date(1176725226000)/",
	"ChgReasonTxt": "ChgReasonTxt 9",
	"CtrtbuId": "CtrtbuId 9",
	"TechBegin": "/Date(1248005226000)/",
	"Version": "Version 9",
	"__metadata": {
		"uri": "ProvVertVersionSet(BusiBegin=datetime'2018-07-09T12%3A07%3A06',CtrtbuId='CtrtbuId%209',TechBegin=datetime'2009-07-19T12%3A07%3A06')",
		"type": "ZICM_PROV_VTR_SRV.ProvVertVersion"
	}
}, {
	"BusiBegin": "/Date(973084026000)/",
	"ChgReason": "ChgReason 10",
	"BusiEnd": "/Date(1536062826000)/",
	"ChgReasonTxt": "ChgReasonTxt 10",
	"CtrtbuId": "CtrtbuId 10",
	"TechBegin": "/Date(1164978426000)/",
	"Version": "Version 10",
	"__metadata": {
		"uri": "ProvVertVersionSet(BusiBegin=datetime'2000-11-01T13%3A07%3A06',CtrtbuId='CtrtbuId%2010',TechBegin=datetime'2006-12-01T13%3A07%3A06')",
		"type": "ZICM_PROV_VTR_SRV.ProvVertVersion"
	}
}]