[{
	"Bpext": "Bpext 1",
	"BusiEnd": "/Date(1573391218000)/",
	"TimeZone": "TimeZone 1",
	"BusiBegin": "/Date(1545743218000)/",
	"CtrtbuId": "CtrtbuId 1",
	"FlgStatus": "FlgStatus 1",
	"TechBegin": "/Date(1554725218000)/",
	"Version": "Version 1",
	"CtrtstId": "CtrtstId 1",
	"CtrtstIdT": "CtrtstIdT 1",
	"IntTitle": "IntTitle 1",
	"DescriptSh": "DescriptSh 1",
	"CtrtbuEdate": "/Date(970661218000)/",
	"NameGrp1": "NameGrp1 1",
	"NameGrp2": "NameGrp2 1",
	"__metadata": {
		"uri": "ProvisionsvertragSet(BusiBegin=datetime'2018-12-25T13%3A06%3A58',CtrtbuId='CtrtbuId%201',TechBegin=datetime'2019-04-08T12%3A06%3A58')",
		"type": "ZICM_PROV_VTR_SRV.Provisionsvertrag"
	},
	"ToLavv": {
		"__deferred": {
			"uri": "ProvisionsvertragSet(BusiBegin=datetime'2018-12-25T13%3A06%3A58',CtrtbuId='CtrtbuId%201',TechBegin=datetime'2019-04-08T12%3A06%3A58')/ToLavv"
		}
	},
	"ToVersion": {
		"__deferred": {
			"uri": "ProvisionsvertragSet(BusiBegin=datetime'2018-12-25T13%3A06%3A58',CtrtbuId='CtrtbuId%201',TechBegin=datetime'2019-04-08T12%3A06%3A58')/ToVersion"
		}
	},
	"ToStdLavv": {
		"__deferred": {
			"uri": "ProvisionsvertragSet(BusiBegin=datetime'2018-12-25T13%3A06%3A58',CtrtbuId='CtrtbuId%201',TechBegin=datetime'2019-04-08T12%3A06%3A58')/ToStdLavv"
		}
	}
}, {
	"Bpext": "Bpext 2",
	"BusiEnd": "/Date(1201871218000)/",
	"TimeZone": "TimeZone 2",
	"BusiBegin": "/Date(1449493618000)/",
	"CtrtbuId": "CtrtbuId 2",
	"FlgStatus": "FlgStatus 2",
	"TechBegin": "/Date(1505650018000)/",
	"Version": "Version 2",
	"CtrtstId": "CtrtstId 2",
	"CtrtstIdT": "CtrtstIdT 2",
	"IntTitle": "IntTitle 2",
	"DescriptSh": "DescriptSh 2",
	"CtrtbuEdate": "/Date(1295442418000)/",
	"NameGrp1": "NameGrp1 2",
	"NameGrp2": "NameGrp2 2",
	"__metadata": {
		"uri": "ProvisionsvertragSet(BusiBegin=datetime'2015-12-07T13%3A06%3A58',CtrtbuId='CtrtbuId%202',TechBegin=datetime'2017-09-17T12%3A06%3A58')",
		"type": "ZICM_PROV_VTR_SRV.Provisionsvertrag"
	},
	"ToLavv": {
		"__deferred": {
			"uri": "ProvisionsvertragSet(BusiBegin=datetime'2015-12-07T13%3A06%3A58',CtrtbuId='CtrtbuId%202',TechBegin=datetime'2017-09-17T12%3A06%3A58')/ToLavv"
		}
	},
	"ToVersion": {
		"__deferred": {
			"uri": "ProvisionsvertragSet(BusiBegin=datetime'2015-12-07T13%3A06%3A58',CtrtbuId='CtrtbuId%202',TechBegin=datetime'2017-09-17T12%3A06%3A58')/ToVersion"
		}
	},
	"ToStdLavv": {
		"__deferred": {
			"uri": "ProvisionsvertragSet(BusiBegin=datetime'2015-12-07T13%3A06%3A58',CtrtbuId='CtrtbuId%202',TechBegin=datetime'2017-09-17T12%3A06%3A58')/ToStdLavv"
		}
	}
}, {
	"Bpext": "Bpext 3",
	"BusiEnd": "/Date(1288530418000)/",
	"TimeZone": "TimeZone 3",
	"BusiBegin": "/Date(1055160418000)/",
	"CtrtbuId": "CtrtbuId 3",
	"FlgStatus": "FlgStatus 3",
	"TechBegin": "/Date(1406549218000)/",
	"Version": "Version 3",
	"CtrtstId": "CtrtstId 3",
	"CtrtstIdT": "CtrtstIdT 3",
	"IntTitle": "IntTitle 3",
	"DescriptSh": "DescriptSh 3",
	"CtrtbuEdate": "/Date(1343995618000)/",
	"NameGrp1": "NameGrp1 3",
	"NameGrp2": "NameGrp2 3",
	"__metadata": {
		"uri": "ProvisionsvertragSet(BusiBegin=datetime'2003-06-09T12%3A06%3A58',CtrtbuId='CtrtbuId%203',TechBegin=datetime'2014-07-28T12%3A06%3A58')",
		"type": "ZICM_PROV_VTR_SRV.Provisionsvertrag"
	},
	"ToLavv": {
		"__deferred": {
			"uri": "ProvisionsvertragSet(BusiBegin=datetime'2003-06-09T12%3A06%3A58',CtrtbuId='CtrtbuId%203',TechBegin=datetime'2014-07-28T12%3A06%3A58')/ToLavv"
		}
	},
	"ToVersion": {
		"__deferred": {
			"uri": "ProvisionsvertragSet(BusiBegin=datetime'2003-06-09T12%3A06%3A58',CtrtbuId='CtrtbuId%203',TechBegin=datetime'2014-07-28T12%3A06%3A58')/ToVersion"
		}
	},
	"ToStdLavv": {
		"__deferred": {
			"uri": "ProvisionsvertragSet(BusiBegin=datetime'2003-06-09T12%3A06%3A58',CtrtbuId='CtrtbuId%203',TechBegin=datetime'2014-07-28T12%3A06%3A58')/ToStdLavv"
		}
	}
}, {
	"Bpext": "Bpext 4",
	"BusiEnd": "/Date(1141391218000)/",
	"TimeZone": "TimeZone 4",
	"BusiBegin": "/Date(950015218000)/",
	"CtrtbuId": "CtrtbuId 4",
	"FlgStatus": "FlgStatus 4",
	"TechBegin": "/Date(1178453218000)/",
	"Version": "Version 4",
	"CtrtstId": "CtrtstId 4",
	"CtrtstIdT": "CtrtstIdT 4",
	"IntTitle": "IntTitle 4",
	"DescriptSh": "DescriptSh 4",
	"CtrtbuEdate": "/Date(1427029618000)/",
	"NameGrp1": "NameGrp1 4",
	"NameGrp2": "NameGrp2 4",
	"__metadata": {
		"uri": "ProvisionsvertragSet(BusiBegin=datetime'2000-02-08T13%3A06%3A58',CtrtbuId='CtrtbuId%204',TechBegin=datetime'2007-05-06T12%3A06%3A58')",
		"type": "ZICM_PROV_VTR_SRV.Provisionsvertrag"
	},
	"ToLavv": {
		"__deferred": {
			"uri": "ProvisionsvertragSet(BusiBegin=datetime'2000-02-08T13%3A06%3A58',CtrtbuId='CtrtbuId%204',TechBegin=datetime'2007-05-06T12%3A06%3A58')/ToLavv"
		}
	},
	"ToVersion": {
		"__deferred": {
			"uri": "ProvisionsvertragSet(BusiBegin=datetime'2000-02-08T13%3A06%3A58',CtrtbuId='CtrtbuId%204',TechBegin=datetime'2007-05-06T12%3A06%3A58')/ToVersion"
		}
	},
	"ToStdLavv": {
		"__deferred": {
			"uri": "ProvisionsvertragSet(BusiBegin=datetime'2000-02-08T13%3A06%3A58',CtrtbuId='CtrtbuId%204',TechBegin=datetime'2007-05-06T12%3A06%3A58')/ToStdLavv"
		}
	}
}, {
	"Bpext": "Bpext 5",
	"BusiEnd": "/Date(1054814818000)/",
	"TimeZone": "TimeZone 5",
	"BusiBegin": "/Date(1078405618000)/",
	"CtrtbuId": "CtrtbuId 5",
	"FlgStatus": "FlgStatus 5",
	"TechBegin": "/Date(1070024818000)/",
	"Version": "Version 5",
	"CtrtstId": "CtrtstId 5",
	"CtrtstIdT": "CtrtstIdT 5",
	"IntTitle": "IntTitle 5",
	"DescriptSh": "DescriptSh 5",
	"CtrtbuEdate": "/Date(1185192418000)/",
	"NameGrp1": "NameGrp1 5",
	"NameGrp2": "NameGrp2 5",
	"__metadata": {
		"uri": "ProvisionsvertragSet(BusiBegin=datetime'2004-03-04T13%3A06%3A58',CtrtbuId='CtrtbuId%205',TechBegin=datetime'2003-11-28T13%3A06%3A58')",
		"type": "ZICM_PROV_VTR_SRV.Provisionsvertrag"
	},
	"ToLavv": {
		"__deferred": {
			"uri": "ProvisionsvertragSet(BusiBegin=datetime'2004-03-04T13%3A06%3A58',CtrtbuId='CtrtbuId%205',TechBegin=datetime'2003-11-28T13%3A06%3A58')/ToLavv"
		}
	},
	"ToVersion": {
		"__deferred": {
			"uri": "ProvisionsvertragSet(BusiBegin=datetime'2004-03-04T13%3A06%3A58',CtrtbuId='CtrtbuId%205',TechBegin=datetime'2003-11-28T13%3A06%3A58')/ToVersion"
		}
	},
	"ToStdLavv": {
		"__deferred": {
			"uri": "ProvisionsvertragSet(BusiBegin=datetime'2004-03-04T13%3A06%3A58',CtrtbuId='CtrtbuId%205',TechBegin=datetime'2003-11-28T13%3A06%3A58')/ToStdLavv"
		}
	}
}, {
	"Bpext": "Bpext 6",
	"BusiEnd": "/Date(1353416818000)/",
	"TimeZone": "TimeZone 6",
	"BusiBegin": "/Date(1400328418000)/",
	"CtrtbuId": "CtrtbuId 6",
	"FlgStatus": "FlgStatus 6",
	"TechBegin": "/Date(1446988018000)/",
	"Version": "Version 6",
	"CtrtstId": "CtrtstId 6",
	"CtrtstIdT": "CtrtstIdT 6",
	"IntTitle": "IntTitle 6",
	"DescriptSh": "DescriptSh 6",
	"CtrtbuEdate": "/Date(1344082018000)/",
	"NameGrp1": "NameGrp1 6",
	"NameGrp2": "NameGrp2 6",
	"__metadata": {
		"uri": "ProvisionsvertragSet(BusiBegin=datetime'2014-05-17T12%3A06%3A58',CtrtbuId='CtrtbuId%206',TechBegin=datetime'2015-11-08T13%3A06%3A58')",
		"type": "ZICM_PROV_VTR_SRV.Provisionsvertrag"
	},
	"ToLavv": {
		"__deferred": {
			"uri": "ProvisionsvertragSet(BusiBegin=datetime'2014-05-17T12%3A06%3A58',CtrtbuId='CtrtbuId%206',TechBegin=datetime'2015-11-08T13%3A06%3A58')/ToLavv"
		}
	},
	"ToVersion": {
		"__deferred": {
			"uri": "ProvisionsvertragSet(BusiBegin=datetime'2014-05-17T12%3A06%3A58',CtrtbuId='CtrtbuId%206',TechBegin=datetime'2015-11-08T13%3A06%3A58')/ToVersion"
		}
	},
	"ToStdLavv": {
		"__deferred": {
			"uri": "ProvisionsvertragSet(BusiBegin=datetime'2014-05-17T12%3A06%3A58',CtrtbuId='CtrtbuId%206',TechBegin=datetime'2015-11-08T13%3A06%3A58')/ToStdLavv"
		}
	}
}, {
	"Bpext": "Bpext 7",
	"BusiEnd": "/Date(1414328818000)/",
	"TimeZone": "TimeZone 7",
	"BusiBegin": "/Date(1364731618000)/",
	"CtrtbuId": "CtrtbuId 7",
	"FlgStatus": "FlgStatus 7",
	"TechBegin": "/Date(1487077618000)/",
	"Version": "Version 7",
	"CtrtstId": "CtrtstId 7",
	"CtrtstIdT": "CtrtstIdT 7",
	"IntTitle": "IntTitle 7",
	"DescriptSh": "DescriptSh 7",
	"CtrtbuEdate": "/Date(1532606818000)/",
	"NameGrp1": "NameGrp1 7",
	"NameGrp2": "NameGrp2 7",
	"__metadata": {
		"uri": "ProvisionsvertragSet(BusiBegin=datetime'2013-03-31T12%3A06%3A58',CtrtbuId='CtrtbuId%207',TechBegin=datetime'2017-02-14T13%3A06%3A58')",
		"type": "ZICM_PROV_VTR_SRV.Provisionsvertrag"
	},
	"ToLavv": {
		"__deferred": {
			"uri": "ProvisionsvertragSet(BusiBegin=datetime'2013-03-31T12%3A06%3A58',CtrtbuId='CtrtbuId%207',TechBegin=datetime'2017-02-14T13%3A06%3A58')/ToLavv"
		}
	},
	"ToVersion": {
		"__deferred": {
			"uri": "ProvisionsvertragSet(BusiBegin=datetime'2013-03-31T12%3A06%3A58',CtrtbuId='CtrtbuId%207',TechBegin=datetime'2017-02-14T13%3A06%3A58')/ToVersion"
		}
	},
	"ToStdLavv": {
		"__deferred": {
			"uri": "ProvisionsvertragSet(BusiBegin=datetime'2013-03-31T12%3A06%3A58',CtrtbuId='CtrtbuId%207',TechBegin=datetime'2017-02-14T13%3A06%3A58')/ToStdLavv"
		}
	}
}, {
	"Bpext": "Bpext 8",
	"BusiEnd": "/Date(1268917618000)/",
	"TimeZone": "TimeZone 8",
	"BusiBegin": "/Date(1166706418000)/",
	"CtrtbuId": "CtrtbuId 8",
	"FlgStatus": "FlgStatus 8",
	"TechBegin": "/Date(1010927218000)/",
	"Version": "Version 8",
	"CtrtstId": "CtrtstId 8",
	"CtrtstIdT": "CtrtstIdT 8",
	"IntTitle": "IntTitle 8",
	"DescriptSh": "DescriptSh 8",
	"CtrtbuEdate": "/Date(1397390818000)/",
	"NameGrp1": "NameGrp1 8",
	"NameGrp2": "NameGrp2 8",
	"__metadata": {
		"uri": "ProvisionsvertragSet(BusiBegin=datetime'2006-12-21T13%3A06%3A58',CtrtbuId='CtrtbuId%208',TechBegin=datetime'2002-01-13T13%3A06%3A58')",
		"type": "ZICM_PROV_VTR_SRV.Provisionsvertrag"
	},
	"ToLavv": {
		"__deferred": {
			"uri": "ProvisionsvertragSet(BusiBegin=datetime'2006-12-21T13%3A06%3A58',CtrtbuId='CtrtbuId%208',TechBegin=datetime'2002-01-13T13%3A06%3A58')/ToLavv"
		}
	},
	"ToVersion": {
		"__deferred": {
			"uri": "ProvisionsvertragSet(BusiBegin=datetime'2006-12-21T13%3A06%3A58',CtrtbuId='CtrtbuId%208',TechBegin=datetime'2002-01-13T13%3A06%3A58')/ToVersion"
		}
	},
	"ToStdLavv": {
		"__deferred": {
			"uri": "ProvisionsvertragSet(BusiBegin=datetime'2006-12-21T13%3A06%3A58',CtrtbuId='CtrtbuId%208',TechBegin=datetime'2002-01-13T13%3A06%3A58')/ToStdLavv"
		}
	}
}, {
	"Bpext": "Bpext 9",
	"BusiEnd": "/Date(1035374818000)/",
	"TimeZone": "TimeZone 9",
	"BusiBegin": "/Date(1531138018000)/",
	"CtrtbuId": "CtrtbuId 9",
	"FlgStatus": "FlgStatus 9",
	"TechBegin": "/Date(1248005218000)/",
	"Version": "Version 9",
	"CtrtstId": "CtrtstId 9",
	"CtrtstIdT": "CtrtstIdT 9",
	"IntTitle": "IntTitle 9",
	"DescriptSh": "DescriptSh 9",
	"CtrtbuEdate": "/Date(1249560418000)/",
	"NameGrp1": "NameGrp1 9",
	"NameGrp2": "NameGrp2 9",
	"__metadata": {
		"uri": "ProvisionsvertragSet(BusiBegin=datetime'2018-07-09T12%3A06%3A58',CtrtbuId='CtrtbuId%209',TechBegin=datetime'2009-07-19T12%3A06%3A58')",
		"type": "ZICM_PROV_VTR_SRV.Provisionsvertrag"
	},
	"ToLavv": {
		"__deferred": {
			"uri": "ProvisionsvertragSet(BusiBegin=datetime'2018-07-09T12%3A06%3A58',CtrtbuId='CtrtbuId%209',TechBegin=datetime'2009-07-19T12%3A06%3A58')/ToLavv"
		}
	},
	"ToVersion": {
		"__deferred": {
			"uri": "ProvisionsvertragSet(BusiBegin=datetime'2018-07-09T12%3A06%3A58',CtrtbuId='CtrtbuId%209',TechBegin=datetime'2009-07-19T12%3A06%3A58')/ToVersion"
		}
	},
	"ToStdLavv": {
		"__deferred": {
			"uri": "ProvisionsvertragSet(BusiBegin=datetime'2018-07-09T12%3A06%3A58',CtrtbuId='CtrtbuId%209',TechBegin=datetime'2009-07-19T12%3A06%3A58')/ToStdLavv"
		}
	}
}, {
	"Bpext": "Bpext 10",
	"BusiEnd": "/Date(1063800418000)/",
	"TimeZone": "TimeZone 10",
	"BusiBegin": "/Date(973084018000)/",
	"CtrtbuId": "CtrtbuId 10",
	"FlgStatus": "FlgStatus 10",
	"TechBegin": "/Date(1164978418000)/",
	"Version": "Version 10",
	"CtrtstId": "CtrtstId 10",
	"CtrtstIdT": "CtrtstIdT 10",
	"IntTitle": "IntTitle 10",
	"DescriptSh": "DescriptSh 10",
	"CtrtbuEdate": "/Date(1186834018000)/",
	"NameGrp1": "NameGrp1 10",
	"NameGrp2": "NameGrp2 10",
	"__metadata": {
		"uri": "ProvisionsvertragSet(BusiBegin=datetime'2000-11-01T13%3A06%3A58',CtrtbuId='CtrtbuId%2010',TechBegin=datetime'2006-12-01T13%3A06%3A58')",
		"type": "ZICM_PROV_VTR_SRV.Provisionsvertrag"
	},
	"ToLavv": {
		"__deferred": {
			"uri": "ProvisionsvertragSet(BusiBegin=datetime'2000-11-01T13%3A06%3A58',CtrtbuId='CtrtbuId%2010',TechBegin=datetime'2006-12-01T13%3A06%3A58')/ToLavv"
		}
	},
	"ToVersion": {
		"__deferred": {
			"uri": "ProvisionsvertragSet(BusiBegin=datetime'2000-11-01T13%3A06%3A58',CtrtbuId='CtrtbuId%2010',TechBegin=datetime'2006-12-01T13%3A06%3A58')/ToVersion"
		}
	},
	"ToStdLavv": {
		"__deferred": {
			"uri": "ProvisionsvertragSet(BusiBegin=datetime'2000-11-01T13%3A06%3A58',CtrtbuId='CtrtbuId%2010',TechBegin=datetime'2006-12-01T13%3A06%3A58')/ToStdLavv"
		}
	}
}]