[{
	"CtrtstId": "CtrtstId 1",
	"CtrtstIdT": "CtrtstIdT 1",
	"__metadata": {
		"uri": "StdVertragSet('CtrtstId%201')",
		"type": "ZICM_PROV_VTR_SRV.StdVertrag"
	}
}, {
	"CtrtstId": "CtrtstId 2",
	"CtrtstIdT": "CtrtstIdT 2",
	"__metadata": {
		"uri": "StdVertragSet('CtrtstId%202')",
		"type": "ZICM_PROV_VTR_SRV.StdVertrag"
	}
}, {
	"CtrtstId": "CtrtstId 3",
	"CtrtstIdT": "CtrtstIdT 3",
	"__metadata": {
		"uri": "StdVertragSet('CtrtstId%203')",
		"type": "ZICM_PROV_VTR_SRV.StdVertrag"
	}
}, {
	"CtrtstId": "CtrtstId 4",
	"CtrtstIdT": "CtrtstIdT 4",
	"__metadata": {
		"uri": "StdVertragSet('CtrtstId%204')",
		"type": "ZICM_PROV_VTR_SRV.StdVertrag"
	}
}, {
	"CtrtstId": "CtrtstId 5",
	"CtrtstIdT": "CtrtstIdT 5",
	"__metadata": {
		"uri": "StdVertragSet('CtrtstId%205')",
		"type": "ZICM_PROV_VTR_SRV.StdVertrag"
	}
}, {
	"CtrtstId": "CtrtstId 6",
	"CtrtstIdT": "CtrtstIdT 6",
	"__metadata": {
		"uri": "StdVertragSet('CtrtstId%206')",
		"type": "ZICM_PROV_VTR_SRV.StdVertrag"
	}
}, {
	"CtrtstId": "CtrtstId 7",
	"CtrtstIdT": "CtrtstIdT 7",
	"__metadata": {
		"uri": "StdVertragSet('CtrtstId%207')",
		"type": "ZICM_PROV_VTR_SRV.StdVertrag"
	}
}, {
	"CtrtstId": "CtrtstId 8",
	"CtrtstIdT": "CtrtstIdT 8",
	"__metadata": {
		"uri": "StdVertragSet('CtrtstId%208')",
		"type": "ZICM_PROV_VTR_SRV.StdVertrag"
	}
}, {
	"CtrtstId": "CtrtstId 9",
	"CtrtstIdT": "CtrtstIdT 9",
	"__metadata": {
		"uri": "StdVertragSet('CtrtstId%209')",
		"type": "ZICM_PROV_VTR_SRV.StdVertrag"
	}
}, {
	"CtrtstId": "CtrtstId 10",
	"CtrtstIdT": "CtrtstIdT 10",
	"__metadata": {
		"uri": "StdVertragSet('CtrtstId%2010')",
		"type": "ZICM_PROV_VTR_SRV.StdVertrag"
	}
}]