[{
	"BucagrId": "BucagrId 1",
	"Version": "Version 1",
	"BusiEnd": "/Date(967810002000)/",
	"CtrtbuId": "CtrtbuId 1",
	"ZVerszweig": "ZVerszweig 1",
	"BusiBegin": "/Date(1545743202000)/",
	"TechBegin": "/Date(1554725202000)/",
	"AgrTyp": "AgrTyp 1",
	"StcagrId": "StcagrId 1",
	"Bezeichnung": "Bezeichnung 1",
	"__metadata": {
		"uri": "StdVertLavvSet(BucagrId='BucagrId%201',BusiBegin=datetime'2005-04-23T12%3A06%3A42',TechBegin=datetime'2010-01-22T13%3A06%3A42',StcagrId='StcagrId%201')",
		"type": "ZICM_PROV_VTR_SRV.StdVertLavv"
	},
	"ToKondTab": {
		"__deferred": {
			"uri": "StdVertLavvSet(BucagrId='BucagrId%201',BusiBegin=datetime'2005-04-23T12%3A06%3A42',TechBegin=datetime'2010-01-22T13%3A06%3A42',StcagrId='StcagrId%201')/ToKondTab"
		}
	}
}, {
	"BucagrId": "BucagrId 2",
	"Version": "Version 2",
	"BusiEnd": "/Date(1509192402000)/",
	"CtrtbuId": "CtrtbuId 2",
	"ZVerszweig": "ZVerszweig 2",
	"BusiBegin": "/Date(1449493602000)/",
	"TechBegin": "/Date(1505650002000)/",
	"AgrTyp": "AgrTyp 2",
	"StcagrId": "StcagrId 2",
	"Bezeichnung": "Bezeichnung 2",
	"__metadata": {
		"uri": "StdVertLavvSet(BucagrId='BucagrId%202',BusiBegin=datetime'2006-06-01T12%3A06%3A42',TechBegin=datetime'2008-10-22T12%3A06%3A42',StcagrId='StcagrId%202')",
		"type": "ZICM_PROV_VTR_SRV.StdVertLavv"
	},
	"ToKondTab": {
		"__deferred": {
			"uri": "StdVertLavvSet(BucagrId='BucagrId%202',BusiBegin=datetime'2006-06-01T12%3A06%3A42',TechBegin=datetime'2008-10-22T12%3A06%3A42',StcagrId='StcagrId%202')/ToKondTab"
		}
	}
}, {
	"BucagrId": "BucagrId 3",
	"Version": "Version 3",
	"BusiEnd": "/Date(1190117202000)/",
	"CtrtbuId": "CtrtbuId 3",
	"ZVerszweig": "ZVerszweig 3",
	"BusiBegin": "/Date(1055160402000)/",
	"TechBegin": "/Date(1406549202000)/",
	"AgrTyp": "AgrTyp 3",
	"StcagrId": "StcagrId 3",
	"Bezeichnung": "Bezeichnung 3",
	"__metadata": {
		"uri": "StdVertLavvSet(BucagrId='BucagrId%203',BusiBegin=datetime'2006-09-08T12%3A06%3A42',TechBegin=datetime'2006-02-06T13%3A06%3A42',StcagrId='StcagrId%203')",
		"type": "ZICM_PROV_VTR_SRV.StdVertLavv"
	},
	"ToKondTab": {
		"__deferred": {
			"uri": "StdVertLavvSet(BucagrId='BucagrId%203',BusiBegin=datetime'2006-09-08T12%3A06%3A42',TechBegin=datetime'2006-02-06T13%3A06%3A42',StcagrId='StcagrId%203')/ToKondTab"
		}
	}
}, {
	"BucagrId": "BucagrId 4",
	"Version": "Version 4",
	"BusiEnd": "/Date(1405339602000)/",
	"CtrtbuId": "CtrtbuId 4",
	"ZVerszweig": "ZVerszweig 4",
	"BusiBegin": "/Date(950015202000)/",
	"TechBegin": "/Date(1178453202000)/",
	"AgrTyp": "AgrTyp 4",
	"StcagrId": "StcagrId 4",
	"Bezeichnung": "Bezeichnung 4",
	"__metadata": {
		"uri": "StdVertLavvSet(BucagrId='BucagrId%204',BusiBegin=datetime'2011-03-29T12%3A06%3A42',TechBegin=datetime'2018-01-16T13%3A06%3A42',StcagrId='StcagrId%204')",
		"type": "ZICM_PROV_VTR_SRV.StdVertLavv"
	},
	"ToKondTab": {
		"__deferred": {
			"uri": "StdVertLavvSet(BucagrId='BucagrId%204',BusiBegin=datetime'2011-03-29T12%3A06%3A42',TechBegin=datetime'2018-01-16T13%3A06%3A42',StcagrId='StcagrId%204')/ToKondTab"
		}
	}
}, {
	"BucagrId": "BucagrId 5",
	"Version": "Version 5",
	"BusiEnd": "/Date(1274184402000)/",
	"CtrtbuId": "CtrtbuId 5",
	"ZVerszweig": "ZVerszweig 5",
	"BusiBegin": "/Date(1078405602000)/",
	"TechBegin": "/Date(1070024802000)/",
	"AgrTyp": "AgrTyp 5",
	"StcagrId": "StcagrId 5",
	"Bezeichnung": "Bezeichnung 5",
	"__metadata": {
		"uri": "StdVertLavvSet(BucagrId='BucagrId%205',BusiBegin=datetime'2001-05-19T12%3A06%3A42',TechBegin=datetime'2018-07-23T12%3A06%3A42',StcagrId='StcagrId%205')",
		"type": "ZICM_PROV_VTR_SRV.StdVertLavv"
	},
	"ToKondTab": {
		"__deferred": {
			"uri": "StdVertLavvSet(BucagrId='BucagrId%205',BusiBegin=datetime'2001-05-19T12%3A06%3A42',TechBegin=datetime'2018-07-23T12%3A06%3A42',StcagrId='StcagrId%205')/ToKondTab"
		}
	}
}, {
	"BucagrId": "BucagrId 6",
	"Version": "Version 6",
	"BusiEnd": "/Date(1210162002000)/",
	"CtrtbuId": "CtrtbuId 6",
	"ZVerszweig": "ZVerszweig 6",
	"BusiBegin": "/Date(1400328402000)/",
	"TechBegin": "/Date(1446988002000)/",
	"AgrTyp": "AgrTyp 6",
	"StcagrId": "StcagrId 6",
	"Bezeichnung": "Bezeichnung 6",
	"__metadata": {
		"uri": "StdVertLavvSet(BucagrId='BucagrId%206',BusiBegin=datetime'2018-10-19T12%3A06%3A42',TechBegin=datetime'2019-04-17T12%3A06%3A42',StcagrId='StcagrId%206')",
		"type": "ZICM_PROV_VTR_SRV.StdVertLavv"
	},
	"ToKondTab": {
		"__deferred": {
			"uri": "StdVertLavvSet(BucagrId='BucagrId%206',BusiBegin=datetime'2018-10-19T12%3A06%3A42',TechBegin=datetime'2019-04-17T12%3A06%3A42',StcagrId='StcagrId%206')/ToKondTab"
		}
	}
}, {
	"BucagrId": "BucagrId 7",
	"Version": "Version 7",
	"BusiEnd": "/Date(1039439202000)/",
	"CtrtbuId": "CtrtbuId 7",
	"ZVerszweig": "ZVerszweig 7",
	"BusiBegin": "/Date(1364731602000)/",
	"TechBegin": "/Date(1487077602000)/",
	"AgrTyp": "AgrTyp 7",
	"StcagrId": "StcagrId 7",
	"Bezeichnung": "Bezeichnung 7",
	"__metadata": {
		"uri": "StdVertLavvSet(BucagrId='BucagrId%207',BusiBegin=datetime'2009-04-10T12%3A06%3A42',TechBegin=datetime'2010-03-12T13%3A06%3A42',StcagrId='StcagrId%207')",
		"type": "ZICM_PROV_VTR_SRV.StdVertLavv"
	},
	"ToKondTab": {
		"__deferred": {
			"uri": "StdVertLavvSet(BucagrId='BucagrId%207',BusiBegin=datetime'2009-04-10T12%3A06%3A42',TechBegin=datetime'2010-03-12T13%3A06%3A42',StcagrId='StcagrId%207')/ToKondTab"
		}
	}
}, {
	"BucagrId": "BucagrId 8",
	"Version": "Version 8",
	"BusiEnd": "/Date(1490616402000)/",
	"CtrtbuId": "CtrtbuId 8",
	"ZVerszweig": "ZVerszweig 8",
	"BusiBegin": "/Date(1166706402000)/",
	"TechBegin": "/Date(1010927202000)/",
	"AgrTyp": "AgrTyp 8",
	"StcagrId": "StcagrId 8",
	"Bezeichnung": "Bezeichnung 8",
	"__metadata": {
		"uri": "StdVertLavvSet(BucagrId='BucagrId%208',BusiBegin=datetime'2005-12-01T13%3A06%3A42',TechBegin=datetime'2007-07-13T12%3A06%3A42',StcagrId='StcagrId%208')",
		"type": "ZICM_PROV_VTR_SRV.StdVertLavv"
	},
	"ToKondTab": {
		"__deferred": {
			"uri": "StdVertLavvSet(BucagrId='BucagrId%208',BusiBegin=datetime'2005-12-01T13%3A06%3A42',TechBegin=datetime'2007-07-13T12%3A06%3A42',StcagrId='StcagrId%208')/ToKondTab"
		}
	}
}, {
	"BucagrId": "BucagrId 9",
	"Version": "Version 9",
	"BusiEnd": "/Date(978354402000)/",
	"CtrtbuId": "CtrtbuId 9",
	"ZVerszweig": "ZVerszweig 9",
	"BusiBegin": "/Date(1531138002000)/",
	"TechBegin": "/Date(1248005202000)/",
	"AgrTyp": "AgrTyp 9",
	"StcagrId": "StcagrId 9",
	"Bezeichnung": "Bezeichnung 9",
	"__metadata": {
		"uri": "StdVertLavvSet(BucagrId='BucagrId%209',BusiBegin=datetime'2002-01-22T13%3A06%3A42',TechBegin=datetime'2018-10-01T12%3A06%3A42',StcagrId='StcagrId%209')",
		"type": "ZICM_PROV_VTR_SRV.StdVertLavv"
	},
	"ToKondTab": {
		"__deferred": {
			"uri": "StdVertLavvSet(BucagrId='BucagrId%209',BusiBegin=datetime'2002-01-22T13%3A06%3A42',TechBegin=datetime'2018-10-01T12%3A06%3A42',StcagrId='StcagrId%209')/ToKondTab"
		}
	}
}, {
	"BucagrId": "BucagrId 10",
	"Version": "Version 10",
	"BusiEnd": "/Date(1070543202000)/",
	"CtrtbuId": "CtrtbuId 10",
	"ZVerszweig": "ZVerszweig 10",
	"BusiBegin": "/Date(973084002000)/",
	"TechBegin": "/Date(1164978402000)/",
	"AgrTyp": "AgrTyp 10",
	"StcagrId": "StcagrId 10",
	"Bezeichnung": "Bezeichnung 10",
	"__metadata": {
		"uri": "StdVertLavvSet(BucagrId='BucagrId%2010',BusiBegin=datetime'2006-01-01T13%3A06%3A42',TechBegin=datetime'2004-07-25T12%3A06%3A42',StcagrId='StcagrId%2010')",
		"type": "ZICM_PROV_VTR_SRV.StdVertLavv"
	},
	"ToKondTab": {
		"__deferred": {
			"uri": "StdVertLavvSet(BucagrId='BucagrId%2010',BusiBegin=datetime'2006-01-01T13%3A06%3A42',TechBegin=datetime'2004-07-25T12%3A06%3A42',StcagrId='StcagrId%2010')/ToKondTab"
		}
	}
}]