[{
	"IntTitle": "IntTitle 1",
	"DescriptSh": "DescriptSh 1",
	"__metadata": {
		"uri": "VermittlerartSet('IntTitle%201')",
		"type": "ZICM_PROV_VTR_SRV.Vermittlerart"
	}
}, {
	"IntTitle": "IntTitle 2",
	"DescriptSh": "DescriptSh 2",
	"__metadata": {
		"uri": "VermittlerartSet('IntTitle%202')",
		"type": "ZICM_PROV_VTR_SRV.Vermittlerart"
	}
}, {
	"IntTitle": "IntTitle 3",
	"DescriptSh": "DescriptSh 3",
	"__metadata": {
		"uri": "VermittlerartSet('IntTitle%203')",
		"type": "ZICM_PROV_VTR_SRV.Vermittlerart"
	}
}, {
	"IntTitle": "IntTitle 4",
	"DescriptSh": "DescriptSh 4",
	"__metadata": {
		"uri": "VermittlerartSet('IntTitle%204')",
		"type": "ZICM_PROV_VTR_SRV.Vermittlerart"
	}
}, {
	"IntTitle": "IntTitle 5",
	"DescriptSh": "DescriptSh 5",
	"__metadata": {
		"uri": "VermittlerartSet('IntTitle%205')",
		"type": "ZICM_PROV_VTR_SRV.Vermittlerart"
	}
}, {
	"IntTitle": "IntTitle 6",
	"DescriptSh": "DescriptSh 6",
	"__metadata": {
		"uri": "VermittlerartSet('IntTitle%206')",
		"type": "ZICM_PROV_VTR_SRV.Vermittlerart"
	}
}, {
	"IntTitle": "IntTitle 7",
	"DescriptSh": "DescriptSh 7",
	"__metadata": {
		"uri": "VermittlerartSet('IntTitle%207')",
		"type": "ZICM_PROV_VTR_SRV.Vermittlerart"
	}
}, {
	"IntTitle": "IntTitle 8",
	"DescriptSh": "DescriptSh 8",
	"__metadata": {
		"uri": "VermittlerartSet('IntTitle%208')",
		"type": "ZICM_PROV_VTR_SRV.Vermittlerart"
	}
}, {
	"IntTitle": "IntTitle 9",
	"DescriptSh": "DescriptSh 9",
	"__metadata": {
		"uri": "VermittlerartSet('IntTitle%209')",
		"type": "ZICM_PROV_VTR_SRV.Vermittlerart"
	}
}, {
	"IntTitle": "IntTitle 10",
	"DescriptSh": "DescriptSh 10",
	"__metadata": {
		"uri": "VermittlerartSet('IntTitle%2010')",
		"type": "ZICM_PROV_VTR_SRV.Vermittlerart"
	}
}]