[{
	"__metadata": {
		"id": "AbrechnungSet(CacsBusitimeB=datetime'2021-05-18T06%3A54%3A06',Cacstechtime=datetime'2021-05-18T06%3A54%3A06',CtrtbuId='45038')",
		"uri": "AbrechnungSet(CacsBusitimeB=datetime'2021-05-18T06%3A54%3A06',Cacstechtime=datetime'2021-05-18T06%3A54%3A06',CtrtbuId='45038')",
		"type": "ZICM_STAMM_PROVVERTR_SRV.Abrechnung"
	},
	"CacsBusitimeB": "\/Date(1621320846000)\/",
	"Cacstechtime": "\/Date(1621320846000)\/",
	"CtrtbuId": "45038",
	"Abrklassif": "",
	"Abrechnungsbeginn": "\/Date(567990000000)\/"
}, {
	"__metadata": {
		"uri": "AbrechnungSet(CacsBusitimeB=datetime'2021-05-18T06%3A55%3A24',Cacstechtime=datetime'2021-05-18T06%3A55%3A24',CtrtbuId='50021')",
		"type": "ZICM_STAMM_PROVVERTR_SRV.Abrechnung"
	},
	"CacsBusitimeB": "/Date(1621320924000)/",
	"Cacstechtime": "/Date(1621320924000)/",
	"CtrtbuId": "50021",
	"Abrklassif": "DI",
	"Abrechnungsbeginn": "\/Date(1149033600000)\/"
}]