[{
	"__metadata": {
		"id": "AdresseSet(Addrnumber='142240',DateFrom=datetime'0001-01-01T00%3A00%3A00')",
		"uri": "AdresseSet(Addrnumber='142240',DateFrom=datetime'0001-01-01T00%3A00%3A00')",
		"type": "ZICM_STAMM_PROVVERTR_SRV.Adresse"
	},
	"PartnerId": "45038",
	"Addrnumber": "142240",
	"DateFrom": "\/Date(-62135769600000)\/",
	"DateTo": "\/Date(253402214400000)\/",
	"Title": "0003",
	"Name1": "Helmut K. E. Führer",
	"Name2": "Versicherugsmakler",
	"Name3": "",
	"Name4": "",
	"NameText": "",
	"NameCo": "",
	"City1": "Egestorf",
	"City2": "",
	"CityCode": "",
	"CitypCode": "",
	"HomeCity": "",
	"CityhCode": "",
	"Chckstatus": "",
	"Regiogroup": "",
	"PostCode1": "21272",
	"PostCode2": "",
	"PostCode3": "",
	"Pcode1Ext": "",
	"Pcode2Ext": "",
	"Pcode3Ext": "",
	"PoBox": "",
	"DontUseP": "",
	"PoBoxNum": false,
	"PoBoxLoc": "",
	"CityCode2": "",
	"PoBoxReg": "",
	"PoBoxCty": "",
	"Postalarea": "",
	"Transpzone": "",
	"Street": "Dorfstr.",
	"DontUseS": "",
	"Streetcode": "",
	"Streetabbr": "",
	"HouseNum1": "18",
	"HouseNum2": "",
	"HouseNum3": "",
	"StrSuppl1": "",
	"StrSuppl2": "",
	"StrSuppl3": "",
	"Location": "",
	"Building": "",
	"Floor": "",
	"Roomnumber": "",
	"Country": "DE",
	"Langu": "",
	"Region": "",
	"AddrGroup": "BP",
	"Flaggroups": false,
	"PersAddr": false,
	"SortPhn": "",
	"DefltComm": "",
	"TelNumber": "",
	"TelExtens": "",
	"FaxNumber": "",
	"FaxExtens": "",
	"Addrorigin": "",
	"McName1": "HELMUT K. E. FÜHRER",
	"McCity1": "EGESTORF",
	"McStreet": "DORFSTR.",
	"Extension1": "",
	"Extension2": "",
	"TimeZone": "CET",
	"Taxjurcode": "",
	"AddressId": "",
	"LanguCrea": "DE",
	"AdrcUuid": "005056a0-53b1-1ee5-90d0-b4cb784d1c81",
	"UuidBelated": "",
	"IdCategory": "",
	"AdrcErrStatus": "",
	"PoBoxLobby": "",
	"DeliServType": "",
	"DeliServNumber": "",
	"CountyCode": "",
	"County": "",
	"TownshipCode": "",
	"Township": "",
	"McCounty": "",
	"McTownship": "",
	"Xpcpt": "",
	"Dataaging": null,
	"Duns": "",
	"Dunsp4": "",
	"AdrKind": "",
	"AdresseToEmail": {
		"__deferred": {
			"uri": "AdresseSet(Addrnumber='142240',DateFrom=datetime'0001-01-01T00%3A00%3A00')/AdresseToEmail"
		}
	}
}, {
	"__metadata": {
		"id": "AdresseSet(Addrnumber='136941',DateFrom=datetime'0001-01-01T00%3A00%3A00')",
		"uri": "AdresseSet(Addrnumber='136941',DateFrom=datetime'0001-01-01T00%3A00%3A00')",
		"type": "ZICM_STAMM_PROVVERTR_SRV.Adresse"
	},
	"PartnerId": "50021",
	"Addrnumber": "136941",
	"DateFrom": "\/Date(-62135769600000)\/",
	"DateTo": "\/Date(253402214400000)\/",
	"Title": "0002",
	"Name1": "Sluschny",
	"Name2": "Stefan",
	"Name3": "",
	"Name4": "",
	"NameText": "",
	"NameCo": "",
	"City1": "Recklinghausen",
	"City2": "",
	"CityCode": "",
	"CitypCode": "",
	"HomeCity": "",
	"CityhCode": "",
	"Chckstatus": "",
	"Regiogroup": "",
	"PostCode1": "45657",
	"PostCode2": "",
	"PostCode3": "",
	"Pcode1Ext": "",
	"Pcode2Ext": "",
	"Pcode3Ext": "",
	"PoBox": "",
	"DontUseP": "",
	"PoBoxNum": false,
	"PoBoxLoc": "",
	"CityCode2": "",
	"PoBoxReg": "",
	"PoBoxCty": "",
	"Postalarea": "",
	"Transpzone": "",
	"Street": "Dorstener Str.",
	"DontUseS": "",
	"Streetcode": "",
	"Streetabbr": "",
	"HouseNum1": "19",
	"HouseNum2": "",
	"HouseNum3": "",
	"StrSuppl1": "",
	"StrSuppl2": "",
	"StrSuppl3": "",
	"Location": "",
	"Building": "",
	"Floor": "",
	"Roomnumber": "",
	"Country": "DE",
	"Langu": "",
	"Region": "",
	"AddrGroup": "BP",
	"Flaggroups": false,
	"PersAddr": false,
	"SortPhn": "",
	"DefltComm": "",
	"TelNumber": "02361/9370610",
	"TelExtens": "",
	"FaxNumber": "02361/9370630",
	"FaxExtens": "",
	"Addrorigin": "",
	"McName1": "SLUSCHNY",
	"McCity1": "RECKLINGHAUSEN",
	"McStreet": "DORSTENER STR.",
	"Extension1": "",
	"Extension2": "",
	"TimeZone": "CET",
	"Taxjurcode": "",
	"AddressId": "",
	"LanguCrea": "DE",
	"AdrcUuid": "00000000-0000-0000-0000-000000000000",
	"UuidBelated": "",
	"IdCategory": "",
	"AdrcErrStatus": "",
	"PoBoxLobby": "",
	"DeliServType": "",
	"DeliServNumber": "",
	"CountyCode": "",
	"County": "",
	"TownshipCode": "",
	"Township": "",
	"McCounty": "",
	"McTownship": "",
	"Xpcpt": "",
	"Dataaging": null,
	"Duns": "",
	"Dunsp4": "",
	"AdrKind": "",
	"AdresseToEmail": null
}, {
	"PartnerId": "PartnerId 1",
	"Addrnumber": "Addrnumber 1",
	"DateFrom": "/Date(1377159420000)/",
	"DateTo": "/Date(1462263420000)/",
	"Title": "Title 1",
	"Name1": "Name1 1",
	"Name2": "Name2 1",
	"Name3": "Name3 1",
	"Name4": "Name4 1",
	"NameText": "NameText 1",
	"NameCo": "NameCo 1",
	"City1": "City1 1",
	"City2": "City2 1",
	"CityCode": "CityCode 1",
	"CitypCode": "CitypCode 1",
	"HomeCity": "HomeCity 1",
	"CityhCode": "CityhCode 1",
	"Chckstatus": "Chckstatus 1",
	"Regiogroup": "Regiogroup 1",
	"PostCode1": "PostCode1 1",
	"PostCode2": "PostCode2 1",
	"PostCode3": "PostCode3 1",
	"Pcode1Ext": "Pcode1Ext 1",
	"Pcode2Ext": "Pcode2Ext 1",
	"Pcode3Ext": "Pcode3Ext 1",
	"PoBox": "PoBox 1",
	"DontUseP": "DontUseP 1",
	"PoBoxNum": true,
	"PoBoxLoc": "PoBoxLoc 1",
	"CityCode2": "CityCode2 1",
	"PoBoxReg": "PoBoxReg 1",
	"PoBoxCty": "PoBoxCty 1",
	"Postalarea": "Postalarea 1",
	"Transpzone": "Transpzone 1",
	"Street": "Street 1",
	"DontUseS": "DontUseS 1",
	"Streetcode": "Streetcode 1",
	"Streetabbr": "Streetabbr 1",
	"HouseNum1": "HouseNum1 1",
	"HouseNum2": "HouseNum2 1",
	"HouseNum3": "HouseNum3 1",
	"StrSuppl1": "StrSuppl1 1",
	"StrSuppl2": "StrSuppl2 1",
	"StrSuppl3": "StrSuppl3 1",
	"Location": "Location 1",
	"Building": "Building 1",
	"Floor": "Floor 1",
	"Roomnumber": "Roomnumber 1",
	"Country": "Country 1",
	"Langu": "Langu 1",
	"Region": "Region 1",
	"AddrGroup": "AddrGroup 1",
	"Flaggroups": true,
	"PersAddr": true,
	"SortPhn": "SortPhn 1",
	"DefltComm": "DefltComm 1",
	"TelNumber": "TelNumber 1",
	"TelExtens": "TelExtens 1",
	"FaxNumber": "FaxNumber 1",
	"FaxExtens": "FaxExtens 1",
	"Addrorigin": "Addrorigin 1",
	"McName1": "McName1 1",
	"McCity1": "McCity1 1",
	"McStreet": "McStreet 1",
	"Extension1": "Extension1 1",
	"Extension2": "Extension2 1",
	"TimeZone": "TimeZone 1",
	"Taxjurcode": "Taxjurcode 1",
	"AddressId": "AddressId 1",
	"LanguCrea": "LanguCrea 1",
	"AdrcUuid": "00a4c48c-0dfc-4507-abc6-9b54a431b788",
	"UuidBelated": "UuidBelated 1",
	"IdCategory": "IdCategory 1",
	"AdrcErrStatus": "AdrcErrStatus 1",
	"PoBoxLobby": "PoBoxLobby 1",
	"DeliServType": "DeliServType 1",
	"DeliServNumber": "DeliServNumber 1",
	"CountyCode": "CountyCode 1",
	"County": "County 1",
	"TownshipCode": "TownshipCode 1",
	"Township": "Township 1",
	"McCounty": "McCounty 1",
	"McTownship": "McTownship 1",
	"Xpcpt": "Xpcpt 1",
	"Dataaging": "/Date(1158221820000)/",
	"Duns": "Duns 1",
	"Dunsp4": "Dunsp4 1",
	"AdrKind": "AdrKind 1",
	"__metadata": {
		"uri": "AdresseSet(Addrnumber='Addrnumber%201',DateFrom=datetime'2013-08-22T08%3A17%3A00')",
		"type": "ZICM_STAMM_PROVVERTR_SRV.Adresse"
	},
	"AdresseToEmail": {
		"__deferred": {
			"uri": "AdresseSet(Addrnumber='Addrnumber%201',DateFrom=datetime'2013-08-22T08%3A17%3A00')/AdresseToEmail"
		}
	}
}, {
	"PartnerId": "PartnerId 2",
	"Addrnumber": "Addrnumber 2",
	"DateFrom": "/Date(1426843020000)/",
	"DateTo": "/Date(1462263420000)/",
	"Title": "Title 2",
	"Name1": "Name1 2",
	"Name2": "Name2 2",
	"Name3": "Name3 2",
	"Name4": "Name4 2",
	"NameText": "NameText 2",
	"NameCo": "NameCo 2",
	"City1": "City1 2",
	"City2": "City2 2",
	"CityCode": "CityCode 2",
	"CitypCode": "CitypCode 2",
	"HomeCity": "HomeCity 2",
	"CityhCode": "CityhCode 2",
	"Chckstatus": "Chckstatus 2",
	"Regiogroup": "Regiogroup 2",
	"PostCode1": "PostCode1 2",
	"PostCode2": "PostCode2 2",
	"PostCode3": "PostCode3 2",
	"Pcode1Ext": "Pcode1Ext 2",
	"Pcode2Ext": "Pcode2Ext 2",
	"Pcode3Ext": "Pcode3Ext 2",
	"PoBox": "PoBox 2",
	"DontUseP": "DontUseP 2",
	"PoBoxNum": false,
	"PoBoxLoc": "PoBoxLoc 2",
	"CityCode2": "CityCode2 2",
	"PoBoxReg": "PoBoxReg 2",
	"PoBoxCty": "PoBoxCty 2",
	"Postalarea": "Postalarea 2",
	"Transpzone": "Transpzone 2",
	"Street": "Street 2",
	"DontUseS": "DontUseS 2",
	"Streetcode": "Streetcode 2",
	"Streetabbr": "Streetabbr 2",
	"HouseNum1": "HouseNum1 2",
	"HouseNum2": "HouseNum2 2",
	"HouseNum3": "HouseNum3 2",
	"StrSuppl1": "StrSuppl1 2",
	"StrSuppl2": "StrSuppl2 2",
	"StrSuppl3": "StrSuppl3 2",
	"Location": "Location 2",
	"Building": "Building 2",
	"Floor": "Floor 2",
	"Roomnumber": "Roomnumber 2",
	"Country": "Country 2",
	"Langu": "Langu 2",
	"Region": "Region 2",
	"AddrGroup": "AddrGroup 2",
	"Flaggroups": false,
	"PersAddr": false,
	"SortPhn": "SortPhn 2",
	"DefltComm": "DefltComm 2",
	"TelNumber": "TelNumber 2",
	"TelExtens": "TelExtens 2",
	"FaxNumber": "FaxNumber 2",
	"FaxExtens": "FaxExtens 2",
	"Addrorigin": "Addrorigin 2",
	"McName1": "McName1 2",
	"McCity1": "McCity1 2",
	"McStreet": "McStreet 2",
	"Extension1": "Extension1 2",
	"Extension2": "Extension2 2",
	"TimeZone": "TimeZone 2",
	"Taxjurcode": "Taxjurcode 2",
	"AddressId": "AddressId 2",
	"LanguCrea": "LanguCrea 2",
	"AdrcUuid": "f3e90896-0a5e-4c86-86ea-cf9424f75486",
	"UuidBelated": "UuidBelated 2",
	"IdCategory": "IdCategory 2",
	"AdrcErrStatus": "AdrcErrStatus 2",
	"PoBoxLobby": "PoBoxLobby 2",
	"DeliServType": "DeliServType 2",
	"DeliServNumber": "DeliServNumber 2",
	"CountyCode": "CountyCode 2",
	"County": "County 2",
	"TownshipCode": "TownshipCode 2",
	"Township": "Township 2",
	"McCounty": "McCounty 2",
	"McTownship": "McTownship 2",
	"Xpcpt": "Xpcpt 2",
	"Dataaging": "/Date(1565425020000)/",
	"Duns": "Duns 2",
	"Dunsp4": "Dunsp4 2",
	"AdrKind": "AdrKind 2",
	"__metadata": {
		"uri": "AdresseSet(Addrnumber='Addrnumber%202',DateFrom=datetime'2013-08-22T08%3A17%3A00')",
		"type": "ZICM_STAMM_PROVVERTR_SRV.Adresse"
	},
	"AdresseToEmail": {
		"__deferred": {
			"uri": "AdresseSet(Addrnumber='Addrnumber%202',DateFrom=datetime'2013-08-22T08%3A17%3A00')/AdresseToEmail"
		}
	}
}]