[{
	"__metadata": {
		"id": "AnsprechpartnerSet(CacsBusitimeB=datetime'2021-05-18T06%3A54%3A06',Cacstechtime=datetime'2021-05-18T06%3A54%3A06',CtrtbuId='45038',Rolle='')",
		"uri": "AnsprechpartnerSet(CacsBusitimeB=datetime'2021-05-18T06%3A54%3A06',Cacstechtime=datetime'2021-05-18T06%3A54%3A06',CtrtbuId='45038',Rolle='')",
		"type": "ZICM_STAMM_PROVVERTR_SRV.Ansprechpartner"
	},
	"CacsBusitimeB": "\/Date(1621320846000)\/",
	"Cacstechtime": "\/Date(1621320846000)\/",
	"CtrtbuId": "45038",
	"Rolle": "",
	"Ctrtbuid2": "",
	"NameGrp2": "",
	"NameGrp1": "",
	"IntTitlet": ""
}, {
	"__metadata": {
		"uri": "AnsprechpartnerSet(CacsBusitimeB=datetime'2021-05-18T06%3A55%3A24',Cacstechtime=datetime'2021-05-18T06%3A55%3A24',CtrtbuId='50021',Rolle='')",
		"type": "ZICM_STAMM_PROVVERTR_SRV.Ansprechpartner"
	},
	"CacsBusitimeB": "/Date(1621320924000)/",
	"Cacstechtime": "/Date(1621320924000)/",
	"CtrtbuId": "50021",
	"Rolle": "",
	"Ctrtbuid2": "",
	"NameGrp2": "",
	"NameGrp1": "",
	"IntTitlet": ""
}]