[{
	"__metadata": {
		"id": "AuszahlungBankSet(CtrtbuId='45038',CacsBusitimeB=datetime'2021-05-18T06%3A54%3A06',Cacstechtime=datetime'2021-05-18T06%3A54%3A06')",
		"uri": "AuszahlungBankSet(CtrtbuId='45038',CacsBusitimeB=datetime'2021-05-18T06%3A54%3A06',Cacstechtime=datetime'2021-05-18T06%3A54%3A06')",
		"type": "ZICM_STAMM_PROVVERTR_SRV.AuszahlungBank"
	},
	"CtrtbuId": "45038",
	"CacsBusitimeB": "\/Date(1621320846000)\/",
	"Cacstechtime": "\/Date(1621320846000)\/",
	"Kontoinhaber": "",
	"Iban": "",
	"Bankname": "",
	"Bic": ""
}, {
	"__metadata": {
		"uri": "AuszahlungBankSet(CacsBusitimeB=datetime'2021-05-18T06%3A55%3A24',Cacstechtime=datetime'2021-05-18T06%3A55%3A24',CtrtbuId='50021')",
		"type": "ZICM_STAMM_PROVVERTR_SRV.AuszahlungBank"
	},
	"CtrtbuId": "50021",
	"CacsBusitimeB": "/Date(1621320924000)/",
	"Cacstechtime": "/Date(1621320924000)/",
	"Kontoinhaber": "",
	"Iban": "",
	"Bankname": "",
	"Bic": ""
}]