[{
	"Addrnumber": "142240",
	"Persnumber": "Persnumber 1",
	"DateFrom": "/Date(-62135769600000)/",
	"Consnumber": "Consnumber 1",
	"Flgdefault": false,
	"FlgNouse": false,
	"HomeFlag": true,
	"SmtpAddr": "example@exmaple.com",
	"SmtpSrch": "SmtpSrch 1",
	"DftReceiv": false,
	"R3User": true,
	"Encode": "Encode 1",
	"Tnef": false,
	"ValidFrom": "ValidFrom 1",
	"ValidTo": "ValidTo 1",
	"Dataaging": "/Date(1044263843000)/",
	"__metadata": {
		"uri": "EmailSet(Addrnumber='142240',Persnumber='Persnumber%201',DateFrom=datetime'0001-01-01T00%3A00%3A00')",
		"type": "ZICM_STAMM_PROVVERTR_SRV.Email"
	}
}, {
	"Addrnumber": "Addrnumber 2",
	"Persnumber": "Persnumber 2",
	"DateFrom": "/Date(1426843043000)/",
	"Consnumber": "Consnumber 2",
	"Flgdefault": true,
	"FlgNouse": false,
	"HomeFlag": false,
	"SmtpAddr": "SmtpAddr 2",
	"SmtpSrch": "SmtpSrch 2",
	"DftReceiv": true,
	"R3User": true,
	"Encode": "Encode 2",
	"Tnef": true,
	"ValidFrom": "ValidFrom 2",
	"ValidTo": "ValidTo 2",
	"Dataaging": "/Date(1565425020000)/",
	"__metadata": {
		"uri": "EmailSet(Addrnumber='Addrnumber%202',Persnumber='Persnumber%202',DateFrom=datetime'2015-03-20T09%3A17%3A00')",  
		"type": "ZICM_STAMM_PROVVERTR_SRV.Email"
	}
}]