[{
	"__metadata": {
		"id": "KommMaklerSet(CacsBusitimeB=datetime'2021-05-18T06%3A54%3A06',Cacstechtime=datetime'2021-05-18T06%3A54%3A06',Versicherungszweig='S',Korrespondenzart='D',CtrtbuId='45038')",
		"uri": "KommMaklerSet(CacsBusitimeB=datetime'2021-05-18T06%3A54%3A06',Cacstechtime=datetime'2021-05-18T06%3A54%3A06',Versicherungszweig='S',Korrespondenzart='D',CtrtbuId='45038')",
		"type": "ZICM_STAMM_PROVVERTR_SRV.KommMakler"
	},
	"CacsBusitimeB": "\/Date(1621320846000)\/",
	"Cacstechtime": "\/Date(1621320846000)\/",
	"Versicherungszweig": "S",
	"Korrespondenzart": "D",
	"Artt": "Sach",
	"CtrtbuId": "45038",
	"FlgVorh": true
}, {
	"__metadata": {
		"id": "KommMaklerSet(CacsBusitimeB=datetime'2021-05-18T06%3A54%3A06',Cacstechtime=datetime'2021-05-18T06%3A54%3A06',Versicherungszweig='%C3%96',Korrespondenzart='M',CtrtbuId='45038')",
		"uri": "KommMaklerSet(CacsBusitimeB=datetime'2021-05-18T06%3A54%3A06',Cacstechtime=datetime'2021-05-18T06%3A54%3A06',Versicherungszweig='%C3%96',Korrespondenzart='M',CtrtbuId='45038')",
		"type": "ZICM_STAMM_PROVVERTR_SRV.KommMakler"
	},
	"CacsBusitimeB": "\/Date(1621320846000)\/",
	"Cacstechtime": "\/Date(1621320846000)\/",
	"Versicherungszweig": "Ö",
	"Korrespondenzart": "M",
	"Artt": "OERAG",
	"CtrtbuId": "45038",
	"FlgVorh": true
}, {
	"__metadata": {
		"id": "KommMaklerSet(CacsBusitimeB=datetime'2021-05-18T06%3A54%3A06',Cacstechtime=datetime'2021-05-18T06%3A54%3A06',Versicherungszweig='U',Korrespondenzart='M',CtrtbuId='45038')",
		"uri": "KommMaklerSet(CacsBusitimeB=datetime'2021-05-18T06%3A54%3A06',Cacstechtime=datetime'2021-05-18T06%3A54%3A06',Versicherungszweig='U',Korrespondenzart='M',CtrtbuId='45038')",
		"type": "ZICM_STAMM_PROVVERTR_SRV.KommMakler"
	},
	"CacsBusitimeB": "\/Date(1621320846000)\/",
	"Cacstechtime": "\/Date(1621320846000)\/",
	"Versicherungszweig": "U",
	"Korrespondenzart": "M",
	"Artt": "Unfall",
	"CtrtbuId": "45038",
	"FlgVorh": true
}, {
	"__metadata": {
		"id": "KommMaklerSet(CacsBusitimeB=datetime'2021-05-18T06%3A54%3A06',Cacstechtime=datetime'2021-05-18T06%3A54%3A06',Versicherungszweig='H',Korrespondenzart='',CtrtbuId='45038')",
		"uri": "KommMaklerSet(CacsBusitimeB=datetime'2021-05-18T06%3A54%3A06',Cacstechtime=datetime'2021-05-18T06%3A54%3A06',Versicherungszweig='H',Korrespondenzart='',CtrtbuId='45038')",
		"type": "ZICM_STAMM_PROVVERTR_SRV.KommMakler"
	},
	"CacsBusitimeB": "\/Date(1621320846000)\/",
	"Cacstechtime": "\/Date(1621320846000)\/",
	"Versicherungszweig": "H",
	"Korrespondenzart": "",
	"Artt": "Haftpflicht",
	"CtrtbuId": "45038",
	"FlgVorh": false
}, {
	"__metadata": {
		"id": "KommMaklerSet(CacsBusitimeB=datetime'2021-05-18T06%3A54%3A06',Cacstechtime=datetime'2021-05-18T06%3A54%3A06',Versicherungszweig='K',Korrespondenzart='',CtrtbuId='45038')",
		"uri": "KommMaklerSet(CacsBusitimeB=datetime'2021-05-18T06%3A54%3A06',Cacstechtime=datetime'2021-05-18T06%3A54%3A06',Versicherungszweig='K',Korrespondenzart='',CtrtbuId='45038')",
		"type": "ZICM_STAMM_PROVVERTR_SRV.KommMakler"
	},
	"CacsBusitimeB": "\/Date(1621320846000)\/",
	"Cacstechtime": "\/Date(1621320846000)\/",
	"Versicherungszweig": "K",
	"Korrespondenzart": "",
	"Artt": "Kfz",
	"CtrtbuId": "45038",
	"FlgVorh": false
}, {
	"CacsBusitimeB": "/Date(1111911436000)/",
	"Cacstechtime": "/Date(1014801436000)/",
	"CtrtbuId": "CtrtbuId 2",
	"Versicherungszweig": "S",
	"Korrespondenzart": "D",
	"FlgVorh": false,
	"Artt": "Sach",
	"__metadata": {
		"uri": "KommMaklerSet(CacsBusitimeB=datetime'2005-03-27T08%3A17%3A16',Cacstechtime=datetime'2002-02-27T09%3A17%3A16',Versicherungszweig='S',Korrespondenzart='D',CtrtbuId='CtrtbuId%202')",
		"type": "ZICM_STAMM_PROVVERTR_SRV.KommMakler"
	}
}, {
	"CacsBusitimeB": "/Date(1111911436000)/",
	"Cacstechtime": "/Date(1014801436000)/",
	"CtrtbuId": "CtrtbuId 2",
	"Versicherungszweig": "H",
	"Korrespondenzart": "",
	"FlgVorh": false,
	"Artt": "Haftpflicht",
	"__metadata": {
		"uri": "KommMaklerSet(CacsBusitimeB=datetime'2005-03-27T08%3A17%3A16',Cacstechtime=datetime'2002-02-27T09%3A17%3A16',Versicherungszweig='H',Korrespondenzart='',CtrtbuId='CtrtbuId%202')",
		"type": "ZICM_STAMM_PROVVERTR_SRV.KommMakler"
	}
}, {
	"CacsBusitimeB": "/Date(1111911436000)/",
	"Cacstechtime": "/Date(1014801436000)/",
	"CtrtbuId": "CtrtbuId 2",
	"Versicherungszweig": "O",
	"Korrespondenzart": "M",
	"FlgVorh": true,
	"Artt": "Oerag",
	"__metadata": {
		"uri": "KommMaklerSet(CacsBusitimeB=datetime'2005-03-27T08%3A17%3A16',Cacstechtime=datetime'2002-02-27T09%3A17%3A16',Versicherungszweig='O',Korrespondenzart='M',CtrtbuId='CtrtbuId%202')",
		"type": "ZICM_STAMM_PROVVERTR_SRV.KommMakler"
	}
}, {
	"CacsBusitimeB": "/Date(1111911436000)/",
	"Cacstechtime": "/Date(1014801436000)/",
	"CtrtbuId": "CtrtbuId 2",
	"Versicherungszweig": "S",
	"Korrespondenzart": "M",
	"FlgVorh": false,
	"Artt": "Unfall",
	"__metadata": {
		"uri": "KommMaklerSet(CacsBusitimeB=datetime'2005-03-27T08%3A17%3A16',Cacstechtime=datetime'2002-02-27T09%3A17%3A16',Versicherungszweig='U',Korrespondenzart='M',CtrtbuId='CtrtbuId%202')",
		"type": "ZICM_STAMM_PROVVERTR_SRV.KommMakler"
	}
}, {
	"CacsBusitimeB": "/Date(1111911436000)/",
	"Cacstechtime": "/Date(1014801436000)/",
	"CtrtbuId": "CtrtbuId 2",
	"Versicherungszweig": "K",
	"Korrespondenzart": "",
	"FlgVorh": false,
	"Artt": "Kfz",
	"__metadata": {
		"uri": "KommMaklerSet(CacsBusitimeB=datetime'2005-03-27T08%3A17%3A16',Cacstechtime=datetime'2002-02-27T09%3A17%3A16',Versicherungszweig='K',Korrespondenzart='',CtrtbuId='CtrtbuId%202')",
		"type": "ZICM_STAMM_PROVVERTR_SRV.KommMakler"
	}
}]