[{
	"__metadata": {
		"id": "KonditionsTabSet('A821')",
		"uri": "KonditionsTabSet('A821')",
		"type": "ZICM_STAMM_PROVVERTR_SRV.KonditionsTab"
	},
	"Tabname": "A821",
	"Ddtext": "AP Kranken",
	"StcagrId": "01WPV_AO_V",
	"BucagrId": "000000134441",
	"BusiBegin": "\/Date(1621320924000)\/",
	"TechBegin": "\/Date(1621320924000)\/",
	"ToKond": {
		"__deferred": {
			"uri": "KonditionsTabSet('A821')/ToKond"
		}
	}
}, {
	"Tabname": "Tabname 1",
	"Ddtext": "Ddtext 1",
	"StcagrId": "StcagrId 1",
	"BucagrId": "BucagrId 1",
	"BusiBegin": "/Date(1111911436000)/",
	"TechBegin": "/Date(1014801436000)/",
	"__metadata": {
		"uri": "KonditionsTabSet('Tabname%201')",
		"type": "ZICM_STAMM_PROVVERTR_SRV.KonditionsTab"
	},
	"ToKond": {
		"__deferred": {
			"uri": "KonditionsTabSet('Tabname%201')/ToKond"
		}
	}
}, {
	"Tabname": "Tabname 2",
	"Ddtext": "Ddtext 2",
	"StcagrId": "StcagrId 2",
	"BucagrId": "BucagrId 2",
	"BusiBegin": "/Date(1301386627000)/",
	"TechBegin": "/Date(1516094227000)/",
	"__metadata": {
		"uri": "KonditionsTabSet('Tabname%202')",
		"type": "ZICM_STAMM_PROVVERTR_SRV.KonditionsTab"
	},
	"ToKond": {
		"__deferred": {
			"uri": "KonditionsTabSet('Tabname%202')/ToKond"
		}
	}
}, {
	"Tabname": "Tabname 3",
	"Ddtext": "Ddtext 3",
	"StcagrId": "StcagrId 3",
	"BucagrId": "BucagrId 3",
	"BusiBegin": "/Date(1268385427000)/",
	"TechBegin": "/Date(1490602627000)/",
	"__metadata": {
		"uri": "KonditionsTabSet('Tabname%203')",
		"type": "ZICM_STAMM_PROVVERTR_SRV.KonditionsTab"
	},
	"ToKond": {
		"__deferred": {
			"uri": "KonditionsTabSet('Tabname%203')/ToKond"
		}
	}
}, {
	"Tabname": "Tabname 4",
	"Ddtext": "Ddtext 4",
	"StcagrId": "StcagrId 4",
	"BucagrId": "BucagrId 4",
	"BusiBegin": "/Date(1434356227000)/",
	"TechBegin": "/Date(1414574227000)/",
	"__metadata": {
		"uri": "KonditionsTabSet('Tabname%204')",
		"type": "ZICM_STAMM_PROVVERTR_SRV.KonditionsTab"
	},
	"ToKond": {
		"__deferred": {
			"uri": "KonditionsTabSet('Tabname%204')/ToKond"
		}
	}
}, {
	"Tabname": "Tabname 5",
	"Ddtext": "Ddtext 5",
	"StcagrId": "StcagrId 5",
	"BucagrId": "BucagrId 5",
	"BusiBegin": "/Date(1462609027000)/",
	"TechBegin": "/Date(1423300627000)/",
	"__metadata": {
		"uri": "KonditionsTabSet('Tabname%205')",
		"type": "ZICM_STAMM_PROVVERTR_SRV.KonditionsTab"
	},
	"ToKond": {
		"__deferred": {
			"uri": "KonditionsTabSet('Tabname%205')/ToKond"
		}
	}
}, {
	"Tabname": "Tabname 6",
	"Ddtext": "Ddtext 6",
	"StcagrId": "StcagrId 6",
	"BucagrId": "BucagrId 6",
	"BusiBegin": "/Date(1028189827000)/",
	"TechBegin": "/Date(1422436627000)/",
	"__metadata": {
		"uri": "KonditionsTabSet('Tabname%206')",
		"type": "ZICM_STAMM_PROVVERTR_SRV.KonditionsTab"
	},
	"ToKond": {
		"__deferred": {
			"uri": "KonditionsTabSet('Tabname%206')/ToKond"
		}
	}
}, {
	"Tabname": "Tabname 7",
	"Ddtext": "Ddtext 7",
	"StcagrId": "StcagrId 7",
	"BucagrId": "BucagrId 7",
	"BusiBegin": "/Date(1495009027000)/",
	"TechBegin": "/Date(1192954627000)/",
	"__metadata": {
		"uri": "KonditionsTabSet('Tabname%207')",
		"type": "ZICM_STAMM_PROVVERTR_SRV.KonditionsTab"
	},
	"ToKond": {
		"__deferred": {
			"uri": "KonditionsTabSet('Tabname%207')/ToKond"
		}
	}
}, {
	"Tabname": "Tabname 8",
	"Ddtext": "Ddtext 8",
	"StcagrId": "StcagrId 8",
	"BucagrId": "BucagrId 8",
	"BusiBegin": "/Date(986631427000)/",
	"TechBegin": "/Date(1363771027000)/",
	"__metadata": {
		"uri": "KonditionsTabSet('Tabname%208')",
		"type": "ZICM_STAMM_PROVVERTR_SRV.KonditionsTab"
	},
	"ToKond": {
		"__deferred": {
			"uri": "KonditionsTabSet('Tabname%208')/ToKond"
		}
	}
}, {
	"Tabname": "Tabname 9",
	"Ddtext": "Ddtext 9",
	"StcagrId": "StcagrId 9",
	"BucagrId": "BucagrId 9",
	"BusiBegin": "/Date(1279527427000)/",
	"TechBegin": "/Date(1386148627000)/",
	"__metadata": {
		"uri": "KonditionsTabSet('Tabname%209')",
		"type": "ZICM_STAMM_PROVVERTR_SRV.KonditionsTab"
	},
	"ToKond": {
		"__deferred": {
			"uri": "KonditionsTabSet('Tabname%209')/ToKond"
		}
	}
}, {
	"Tabname": "Tabname 10",
	"Ddtext": "Ddtext 10",
	"StcagrId": "StcagrId 10",
	"BucagrId": "BucagrId 10",
	"BusiBegin": "/Date(1298452627000)/",
	"TechBegin": "/Date(1372321027000)/",
	"__metadata": {
		"uri": "KonditionsTabSet('Tabname%2010')",
		"type": "ZICM_STAMM_PROVVERTR_SRV.KonditionsTab"
	},
	"ToKond": {
		"__deferred": {
			"uri": "KonditionsTabSet('Tabname%2010')/ToKond"
		}
	}
}]