[{
	"__metadata": {
		"id": "KonditionenSet(CondTable='A821',KnumhStd='0008170380')",
		"uri": "KonditionenSet(CondTable='A821',KnumhStd='0008170380')",
		"type": "ZICM_STAMM_PROVVERTR_SRV.Konditionen"
	},
	"CondTable": "A821",
	"PCacsappl": "ZPROVI",
	"Kappl": "P",
	"Kschl": "Z065",
	"PCtrtXl": "S01WPV_AO_V",
	"StcagrId": "01WPV_AO_V",
	"Knumh": "",
	"Kbetr": "",
	"Konwa": "",
	"Datbi": null,
	"Datab": null,
	"ZStatusInd": "",
	"KnumhStd": "0008170380",
	"KbetrStd": "      550",
	"KonwaStd": "%MB",
	"DatbiStd": "\/Date(253402214400000)\/",
	"DatabStd": "\/Date(1333238400000)\/",
	"ZProdGruppe": "46",
	"ZProdGruppeName": "Einzel-Voll-KV",
	"ZTarifwerk": "",
	"ZFondsGruppe": "",
	"ZLfzIntervall": "",
	"ZLfzIntName": "",
	"ZProdGruppeVerm": "",
	"ZVerkaufsgruppe": "",
	"ZKollektivKnz": "",
	"ZTarifKnz": "34",
	"ZTarifKnzText": "mit AltRst",
	"Krech": "A"
}, {
	"__metadata": {
		"id": "KonditionenSet(CondTable='A821',KnumhStd='0008170382')",
		"uri": "KonditionenSet(CondTable='A821',KnumhStd='0008170382')",
		"type": "ZICM_STAMM_PROVVERTR_SRV.Konditionen"
	},
	"CondTable": "A821",
	"PCacsappl": "ZPROVI",
	"Kappl": "P",
	"Kschl": "Z065",
	"PCtrtXl": "S01WPV_AO_V",
	"StcagrId": "01WPV_AO_V",
	"Knumh": "",
	"Kbetr": "",
	"Konwa": "",
	"Datbi": null,
	"Datab": null,
	"ZStatusInd": "",
	"KnumhStd": "0008170382",
	"KbetrStd": "      225",
	"KonwaStd": "%MB",
	"DatbiStd": "\/Date(253402214400000)\/",
	"DatabStd": "\/Date(1333238400000)\/",
	"ZProdGruppe": "46",
	"ZProdGruppeName": "Einzel-Voll-KV",
	"ZTarifwerk": "",
	"ZFondsGruppe": "",
	"ZLfzIntervall": "",
	"ZLfzIntName": "",
	"ZProdGruppeVerm": "",
	"ZVerkaufsgruppe": "",
	"ZKollektivKnz": "",
	"ZTarifKnz": "35",
	"ZTarifKnzText": "ohne AltRst",
	"Krech": "A"
}, {
	"__metadata": {
		"id": "KonditionenSet(CondTable='A821',KnumhStd='0008170384')",
		"uri": "KonditionenSet(CondTable='A821',KnumhStd='0008170384')",
		"type": "ZICM_STAMM_PROVVERTR_SRV.Konditionen"
	},
	"CondTable": "A821",
	"PCacsappl": "ZPROVI",
	"Kappl": "P",
	"Kschl": "Z065",
	"PCtrtXl": "S01WPV_AO_V",
	"StcagrId": "01WPV_AO_V",
	"Knumh": "",
	"Kbetr": "",
	"Konwa": "",
	"Datbi": null,
	"Datab": null,
	"ZStatusInd": "",
	"KnumhStd": "0008170384",
	"KbetrStd": "      550",
	"KonwaStd": "%MB",
	"DatbiStd": "\/Date(253402214400000)\/",
	"DatabStd": "\/Date(1333238400000)\/",
	"ZProdGruppe": "47",
	"ZProdGruppeName": "Einzel-Zusatz-KV",
	"ZTarifwerk": "",
	"ZFondsGruppe": "",
	"ZLfzIntervall": "",
	"ZLfzIntName": "",
	"ZProdGruppeVerm": "",
	"ZVerkaufsgruppe": "",
	"ZKollektivKnz": "",
	"ZTarifKnz": "34",
	"ZTarifKnzText": "mit AltRst",
	"Krech": "A"
}, {
	"CondTable": "Tabname 1",
	"PCacsappl": "PCacsappl 1",
	"Kappl": "Kappl 1",
	"Kschl": "Kschl 1",
	"PCtrtXl": "PCtrtXl 1",
	"StcagrId": "StcagrId 1",
	"Knumh": "Knumh 1",
	"Kbetr": "Kbetr 1",
	"Konwa": "Konwa 1",
	"Datbi": "/Date(1575364634000)/",
	"Datab": "/Date(1041931034000)/",
	"ZStatusInd": "ZStatusInd 1",
	"KnumhStd": "KnumhStd 1",
	"KbetrStd": "KbetrStd 1",
	"KonwaStd": "KonwaStd 1",
	"DatbiStd": "/Date(1123575434000)/",
	"DatabStd": "/Date(1326964634000)/",
	"ZProdGruppe": "ZProdGruppe 1",
	"ZProdGruppeName": "ZProdGruppeName 1",
	"ZTarifwerk": "ZTarifwerk 1",
	"ZFondsGruppe": "ZFondsGruppe 1",
	"ZLfzIntervall": "ZLfzIntervall 1",
	"ZLfzIntName": "ZLfzIntName 1",
	"ZProdGruppeVerm": "ZProdGruppeVerm 1",
	"ZVerkaufsgruppe": "ZVerkaufsgruppe 1",
	"ZKollektivKnz": "ZKollektivKnz 1",
	"ZTarifKnz": "ZTarifKnz 1",
	"ZTarifKnzText": "ZTarifKnzText 1",
	"Krech": "Krech 1",
	"__metadata": {
		"uri": "KonditionenSet(CondTable='Tabname%201',KnumhStd='KnumhStd%201')",
		"type": "ZICM_STAMM_PROVVERTR_SRV.Konditionen"
	}
}, {
	"CondTable": "Tabname 2",
	"PCacsappl": "PCacsappl 2",
	"Kappl": "Kappl 2",
	"Kschl": "Kschl 2",
	"PCtrtXl": "PCtrtXl 2",
	"StcagrId": "StcagrId 2",
	"Knumh": "Knumh 2",
	"Kbetr": "Kbetr 2",
	"Konwa": "Konwa 2",
	"Datbi": "/Date(1259399834000)/",
	"Datab": "/Date(1140254234000)/",
	"ZStatusInd": "ZStatusInd 2",
	"KnumhStd": "KnumhStd 2",
	"KbetrStd": "KbetrStd 2",
	"KonwaStd": "KonwaStd 2",
	"DatbiStd": "/Date(1256635034000)/",
	"DatabStd": "/Date(1141723034000)/",
	"ZProdGruppe": "ZProdGruppe 2",
	"ZProdGruppeName": "ZProdGruppeName 2",
	"ZTarifwerk": "ZTarifwerk 2",
	"ZFondsGruppe": "ZFondsGruppe 2",
	"ZLfzIntervall": "ZLfzIntervall 2",
	"ZLfzIntName": "ZLfzIntName 2",
	"ZProdGruppeVerm": "ZProdGruppeVerm 2",
	"ZVerkaufsgruppe": "ZVerkaufsgruppe 2",
	"ZKollektivKnz": "ZKollektivKnz 2",
	"ZTarifKnz": "ZTarifKnz 2",
	"ZTarifKnzText": "ZTarifKnzText 2",
	"Krech": "Krech 2",
	"__metadata": {
		"uri": "KonditionenSet(CondTable='Tabname%202',KnumhStd='KnumhStd%202')",
		"type": "ZICM_STAMM_PROVVERTR_SRV.Konditionen"
	}
}, {
	"CondTable": "Tabname 3",
	"PCacsappl": "PCacsappl 3",
	"Kappl": "Kappl 3",
	"Kschl": "Kschl 3",
	"PCtrtXl": "PCtrtXl 3",
	"StcagrId": "StcagrId 3",
	"Knumh": "Knumh 3",
	"Kbetr": "Kbetr 3",
	"Konwa": "Konwa 3",
	"Datbi": "/Date(1230023834000)/",
	"Datab": "/Date(1354094234000)/",
	"ZStatusInd": "ZStatusInd 3",
	"KnumhStd": "KnumhStd 3",
	"KbetrStd": "KbetrStd 3",
	"KonwaStd": "KonwaStd 3",
	"DatbiStd": "/Date(1315556234000)/",
	"DatabStd": "/Date(1390123034000)/",
	"ZProdGruppe": "ZProdGruppe 3",
	"ZProdGruppeName": "ZProdGruppeName 3",
	"ZTarifwerk": "ZTarifwerk 3",
	"ZFondsGruppe": "ZFondsGruppe 3",
	"ZLfzIntervall": "ZLfzIntervall 3",
	"ZLfzIntName": "ZLfzIntName 3",
	"ZProdGruppeVerm": "ZProdGruppeVerm 3",
	"ZVerkaufsgruppe": "ZVerkaufsgruppe 3",
	"ZKollektivKnz": "ZKollektivKnz 3",
	"ZTarifKnz": "ZTarifKnz 3",
	"ZTarifKnzText": "ZTarifKnzText 3",
	"Krech": "Krech 3",
	"__metadata": {
		"uri": "KonditionenSet(CondTable='Tabname%203',KnumhStd='KnumhStd%203')",
		"type": "ZICM_STAMM_PROVVERTR_SRV.Konditionen"
	}
}, {
	"CondTable": "Tabname 4",
	"PCacsappl": "PCacsappl 4",
	"Kappl": "Kappl 4",
	"Kschl": "Kschl 4",
	"PCtrtXl": "PCtrtXl 4",
	"StcagrId": "StcagrId 4",
	"Knumh": "Knumh 4",
	"Kbetr": "Kbetr 4",
	"Konwa": "Konwa 4",
	"Datbi": "/Date(1041671834000)/",
	"Datab": "/Date(1153469834000)/",
	"ZStatusInd": "ZStatusInd 4",
	"KnumhStd": "KnumhStd 4",
	"KbetrStd": "KbetrStd 4",
	"KonwaStd": "KonwaStd 4",
	"DatbiStd": "/Date(1480238234000)/",
	"DatabStd": "/Date(1257585434000)/",
	"ZProdGruppe": "ZProdGruppe 4",
	"ZProdGruppeName": "ZProdGruppeName 4",
	"ZTarifwerk": "ZTarifwerk 4",
	"ZFondsGruppe": "ZFondsGruppe 4",
	"ZLfzIntervall": "ZLfzIntervall 4",
	"ZLfzIntName": "ZLfzIntName 4",
	"ZProdGruppeVerm": "ZProdGruppeVerm 4",
	"ZVerkaufsgruppe": "ZVerkaufsgruppe 4",
	"ZKollektivKnz": "ZKollektivKnz 4",
	"ZTarifKnz": "ZTarifKnz 4",
	"ZTarifKnzText": "ZTarifKnzText 4",
	"Krech": "Krech 4",
	"__metadata": {
		"uri": "KonditionenSet(CondTable='Tabname%204',KnumhStd='KnumhStd%204')",
		"type": "ZICM_STAMM_PROVVERTR_SRV.Konditionen"
	}
}, {
	"CondTable": "Tabname 5",
	"PCacsappl": "PCacsappl 5",
	"Kappl": "Kappl 5",
	"Kschl": "Kschl 5",
	"PCtrtXl": "PCtrtXl 5",
	"StcagrId": "StcagrId 5",
	"Knumh": "Knumh 5",
	"Kbetr": "Kbetr 5",
	"Konwa": "Konwa 5",
	"Datbi": "/Date(1093421834000)/",
	"Datab": "/Date(1305620234000)/",
	"ZStatusInd": "ZStatusInd 5",
	"KnumhStd": "KnumhStd 5",
	"KbetrStd": "KbetrStd 5",
	"KonwaStd": "KonwaStd 5",
	"DatbiStd": "/Date(1031732234000)/",
	"DatabStd": "/Date(1150186634000)/",
	"ZProdGruppe": "ZProdGruppe 5",
	"ZProdGruppeName": "ZProdGruppeName 5",
	"ZTarifwerk": "ZTarifwerk 5",
	"ZFondsGruppe": "ZFondsGruppe 5",
	"ZLfzIntervall": "ZLfzIntervall 5",
	"ZLfzIntName": "ZLfzIntName 5",
	"ZProdGruppeVerm": "ZProdGruppeVerm 5",
	"ZVerkaufsgruppe": "ZVerkaufsgruppe 5",
	"ZKollektivKnz": "ZKollektivKnz 5",
	"ZTarifKnz": "ZTarifKnz 5",
	"ZTarifKnzText": "ZTarifKnzText 5",
	"Krech": "Krech 5",
	"__metadata": {
		"uri": "KonditionenSet(CondTable='Tabname%205',KnumhStd='KnumhStd%205')",
		"type": "ZICM_STAMM_PROVVERTR_SRV.Konditionen"
	}
}, {
	"CondTable": "Tabname 6",
	"PCacsappl": "PCacsappl 6",
	"Kappl": "Kappl 6",
	"Kschl": "Kschl 6",
	"PCtrtXl": "PCtrtXl 6",
	"StcagrId": "StcagrId 6",
	"Knumh": "Knumh 6",
	"Kbetr": "Kbetr 6",
	"Konwa": "Konwa 6",
	"Datbi": "/Date(1441354634000)/",
	"Datab": "/Date(1146644234000)/",
	"ZStatusInd": "ZStatusInd 6",
	"KnumhStd": "KnumhStd 6",
	"KbetrStd": "KbetrStd 6",
	"KonwaStd": "KonwaStd 6",
	"DatbiStd": "/Date(1300958234000)/",
	"DatabStd": "/Date(1298798234000)/",
	"ZProdGruppe": "ZProdGruppe 6",
	"ZProdGruppeName": "ZProdGruppeName 6",
	"ZTarifwerk": "ZTarifwerk 6",
	"ZFondsGruppe": "ZFondsGruppe 6",
	"ZLfzIntervall": "ZLfzIntervall 6",
	"ZLfzIntName": "ZLfzIntName 6",
	"ZProdGruppeVerm": "ZProdGruppeVerm 6",
	"ZVerkaufsgruppe": "ZVerkaufsgruppe 6",
	"ZKollektivKnz": "ZKollektivKnz 6",
	"ZTarifKnz": "ZTarifKnz 6",
	"ZTarifKnzText": "ZTarifKnzText 6",
	"Krech": "Krech 6",
	"__metadata": {
		"uri": "KonditionenSet(CondTable='Tabname%206',KnumhStd='KnumhStd%206')",
		"type": "ZICM_STAMM_PROVVERTR_SRV.Konditionen"
	}
}, {
	"CondTable": "Tabname 7",
	"PCacsappl": "PCacsappl 7",
	"Kappl": "Kappl 7",
	"Kschl": "Kschl 7",
	"PCtrtXl": "PCtrtXl 7",
	"StcagrId": "StcagrId 7",
	"Knumh": "Knumh 7",
	"Kbetr": "Kbetr 7",
	"Konwa": "Konwa 7",
	"Datbi": "/Date(1118650634000)/",
	"Datab": "/Date(1322731034000)/",
	"ZStatusInd": "ZStatusInd 7",
	"KnumhStd": "KnumhStd 7",
	"KbetrStd": "KbetrStd 7",
	"KonwaStd": "KonwaStd 7",
	"DatbiStd": "/Date(1511860634000)/",
	"DatabStd": "/Date(1319271434000)/",
	"ZProdGruppe": "ZProdGruppe 7",
	"ZProdGruppeName": "ZProdGruppeName 7",
	"ZTarifwerk": "ZTarifwerk 7",
	"ZFondsGruppe": "ZFondsGruppe 7",
	"ZLfzIntervall": "ZLfzIntervall 7",
	"ZLfzIntName": "ZLfzIntName 7",
	"ZProdGruppeVerm": "ZProdGruppeVerm 7",
	"ZVerkaufsgruppe": "ZVerkaufsgruppe 7",
	"ZKollektivKnz": "ZKollektivKnz 7",
	"ZTarifKnz": "ZTarifKnz 7",
	"ZTarifKnzText": "ZTarifKnzText 7",
	"Krech": "Krech 7",
	"__metadata": {
		"uri": "KonditionenSet(CondTable='Tabname%207',KnumhStd='KnumhStd%207')",
		"type": "ZICM_STAMM_PROVVERTR_SRV.Konditionen"
	}
}, {
	"CondTable": "Tabname 8",
	"PCacsappl": "PCacsappl 8",
	"Kappl": "Kappl 8",
	"Kschl": "Kschl 8",
	"PCtrtXl": "PCtrtXl 8",
	"StcagrId": "StcagrId 8",
	"Knumh": "Knumh 8",
	"Kbetr": "Kbetr 8",
	"Konwa": "Konwa 8",
	"Datbi": "/Date(1133687834000)/",
	"Datab": "/Date(968055434000)/",
	"ZStatusInd": "ZStatusInd 8",
	"KnumhStd": "KnumhStd 8",
	"KbetrStd": "KbetrStd 8",
	"KonwaStd": "KonwaStd 8",
	"DatbiStd": "/Date(1362993434000)/",
	"DatabStd": "/Date(1358414234000)/",
	"ZProdGruppe": "ZProdGruppe 8",
	"ZProdGruppeName": "ZProdGruppeName 8",
	"ZTarifwerk": "ZTarifwerk 8",
	"ZFondsGruppe": "ZFondsGruppe 8",
	"ZLfzIntervall": "ZLfzIntervall 8",
	"ZLfzIntName": "ZLfzIntName 8",
	"ZProdGruppeVerm": "ZProdGruppeVerm 8",
	"ZVerkaufsgruppe": "ZVerkaufsgruppe 8",
	"ZKollektivKnz": "ZKollektivKnz 8",
	"ZTarifKnz": "ZTarifKnz 8",
	"ZTarifKnzText": "ZTarifKnzText 8",
	"Krech": "Krech 8",
	"__metadata": {
		"uri": "KonditionenSet(CondTable='Tabname%208',KnumhStd='KnumhStd%208')",
		"type": "ZICM_STAMM_PROVVERTR_SRV.Konditionen"
	}
}, {
	"CondTable": "Tabname 9",
	"PCacsappl": "PCacsappl 9",
	"Kappl": "Kappl 9",
	"Kschl": "Kschl 9",
	"PCtrtXl": "PCtrtXl 9",
	"StcagrId": "StcagrId 9",
	"Knumh": "Knumh 9",
	"Kbetr": "Kbetr 9",
	"Konwa": "Konwa 9",
	"Datbi": "/Date(1289121434000)/",
	"Datab": "/Date(1090397834000)/",
	"ZStatusInd": "ZStatusInd 9",
	"KnumhStd": "KnumhStd 9",
	"KbetrStd": "KbetrStd 9",
	"KonwaStd": "KonwaStd 9",
	"DatbiStd": "/Date(1272701834000)/",
	"DatabStd": "/Date(1494317834000)/",
	"ZProdGruppe": "ZProdGruppe 9",
	"ZProdGruppeName": "ZProdGruppeName 9",
	"ZTarifwerk": "ZTarifwerk 9",
	"ZFondsGruppe": "ZFondsGruppe 9",
	"ZLfzIntervall": "ZLfzIntervall 9",
	"ZLfzIntName": "ZLfzIntName 9",
	"ZProdGruppeVerm": "ZProdGruppeVerm 9",
	"ZVerkaufsgruppe": "ZVerkaufsgruppe 9",
	"ZKollektivKnz": "ZKollektivKnz 9",
	"ZTarifKnz": "ZTarifKnz 9",
	"ZTarifKnzText": "ZTarifKnzText 9",
	"Krech": "Krech 9",
	"__metadata": {
		"uri": "KonditionenSet(CondTable='Tabname%209',KnumhStd='KnumhStd%209')",
		"type": "ZICM_STAMM_PROVVERTR_SRV.Konditionen"
	}
}, {
	"CondTable": "Tabname 10",
	"PCacsappl": "PCacsappl 10",
	"Kappl": "Kappl 10",
	"Kschl": "Kschl 10",
	"PCtrtXl": "PCtrtXl 10",
	"StcagrId": "StcagrId 10",
	"Knumh": "Knumh 10",
	"Kbetr": "Kbetr 10",
	"Konwa": "Konwa 10",
	"Datbi": "/Date(1019290634000)/",
	"Datab": "/Date(1365495434000)/",
	"ZStatusInd": "ZStatusInd 10",
	"KnumhStd": "KnumhStd 10",
	"KbetrStd": "KbetrStd 10",
	"KonwaStd": "KonwaStd 10",
	"DatbiStd": "/Date(1566289034000)/",
	"DatabStd": "/Date(1464509834000)/",
	"ZProdGruppe": "ZProdGruppe 10",
	"ZProdGruppeName": "ZProdGruppeName 10",
	"ZTarifwerk": "ZTarifwerk 10",
	"ZFondsGruppe": "ZFondsGruppe 10",
	"ZLfzIntervall": "ZLfzIntervall 10",
	"ZLfzIntName": "ZLfzIntName 10",
	"ZProdGruppeVerm": "ZProdGruppeVerm 10",
	"ZVerkaufsgruppe": "ZVerkaufsgruppe 10",
	"ZKollektivKnz": "ZKollektivKnz 10",
	"ZTarifKnz": "ZTarifKnz 10",
	"ZTarifKnzText": "ZTarifKnzText 10",
	"Krech": "Krech 10",
	"__metadata": {
		"uri": "KonditionenSet(CondTable='Tabname%2010',KnumhStd='KnumhStd%2010')",
		"type": "ZICM_STAMM_PROVVERTR_SRV.Konditionen"
	}
}]