[{
      "__metadata" : {
        "id" : "KorrespondenzSet(CacsBusitimeB=datetime'2021-05-18T06%3A54%3A06',Cacstechtime=datetime'2021-05-18T06%3A54%3A06',CtrtbuId='45038')",
        "uri" : "KorrespondenzSet(CacsBusitimeB=datetime'2021-05-18T06%3A54%3A06',Cacstechtime=datetime'2021-05-18T06%3A54%3A06',CtrtbuId='45038')",
        "type" : "ZICM_STAMM_PROVVERTR_SRV.Korrespondenz"
      },
	"CacsBusitimeB": "\/Date(1621320846000)\/",
	"Cacstechtime": "\/Date(1621320846000)\/",
      "CtrtbuId" : "45038",
      "Version" : "000016",
      "BusiBegin" : "\/Date(1146441600000)\/",
      "Receiver" : "",
      "ReceiverDsc" : "",
      "IndReceiv" : "",
      "Coprc" : "ICM1",
      "Coprct" : "Provisionsnote für ICM",
      "ZVermittlerduplikat" : false
    },{
	"__metadata": {
		"id": "KorrespondenzSet(CacsBusitimeB=datetime'2021-05-18T06%3A54%3A06',Cacstechtime=datetime'2021-05-18T06%3A54%3A06',CtrtbuId='50021')",
		"uri": "KorrespondenzSet(CacsBusitimeB=datetime'2021-05-18T06%3A54%3A06',Cacstechtime=datetime'2021-05-18T06%3A54%3A06',CtrtbuId='50021')",
		"type": "ZICM_STAMM_PROVVERTR_SRV.Korrespondenz"
	},
	"CacsBusitimeB": "/Date(1621320924000)/",
	"Cacstechtime": "/Date(1621320924000)/",
	"CtrtbuId": "50021",
	"Version": "000040",
	"BusiBegin": "\/Date(1146441600000)\/",
	"Receiver": "",
	"ReceiverDsc": "",
	"IndReceiv": "",
	"Coprc": "ICM1",
	"Coprct": "Provisionsnote für ICM",
	"ZVermittlerduplikat": true
}]