[{
	"__metadata": {
		"id": "LeiVergVereinbarungenSet(BusiBegin=datetime'2021-05-18T06%3A55%3A24',BucagrId='000000134441',TechBegin=datetime'2021-05-18T06%3A55%3A24',StcagrId='01WPV_AO_V')",
		"uri": "LeiVergVereinbarungenSet(BusiBegin=datetime'2021-05-18T06%3A55%3A24',BucagrId='000000134441',TechBegin=datetime'2021-05-18T06%3A55%3A24',StcagrId='01WPV_AO_V')",
		"type": "ZICM_STAMM_PROVVERTR_SRV.LeiVergVereinbarungen"
	},
	"BusiBegin": "\/Date(1621320924000)\/",
	"ZVerszweig": "V",
	"Version": "000001",
	"CtrtbuId": "50021",
	"BusiEnd": "\/Date(253402214400000)\/",
	"BucagrId": "000000134441",
	"TechBegin": "\/Date(1621320924000)\/",
	"StcagrId": "01WPV_AO_V",
	"Bezeichnung": "WPV AO Kranken",
	"AgrTyp": "01",
	"ToKondTab": {
		"__deferred": {
			"uri": "LeiVergVereinbarungenSet(BusiBegin=datetime'2021-05-18T06%3A55%3A24',BucagrId='000000134441',TechBegin=datetime'2021-05-18T06%3A55%3A24',StcagrId='01WPV_AO_V')/ToKondTab"
		}
	}
}, {
	"__metadata": {
		"id": "LeiVergVereinbarungenSet(BusiBegin=datetime'2021-05-18T06%3A55%3A24',BucagrId='000000106606',TechBegin=datetime'2021-05-18T06%3A55%3A24',StcagrId='01WPV_AO_L')",
		"uri": "LeiVergVereinbarungenSet(BusiBegin=datetime'2021-05-18T06%3A55%3A24',BucagrId='000000106606',TechBegin=datetime'2021-05-18T06%3A55%3A24',StcagrId='01WPV_AO_L')",
		"type": "ZICM_STAMM_PROVVERTR_SRV.LeiVergVereinbarungen"
	},
	"BusiBegin": "\/Date(1621320924000)\/",
	"ZVerszweig": "L",
	"Version": "000001",
	"CtrtbuId": "50021",
	"BusiEnd": "\/Date(253402214400000)\/",
	"BucagrId": "000000106606",
	"TechBegin": "\/Date(1621320924000)\/",
	"StcagrId": "01WPV_AO_L",
	"Bezeichnung": "WPV AO Leben",
	"AgrTyp": "01",
	"ToKondTab": {
		"__deferred": {
			"uri": "LeiVergVereinbarungenSet(BusiBegin=datetime'2021-05-18T06%3A55%3A24',BucagrId='000000106606',TechBegin=datetime'2021-05-18T06%3A55%3A24',StcagrId='01WPV_AO_L')/ToKondTab"
		}
	}
}, {
	"__metadata": {
		"id": "LeiVergVereinbarungenSet(BusiBegin=datetime'2021-05-18T06%3A55%3A24',BucagrId='000000125776',TechBegin=datetime'2021-05-18T06%3A55%3A24',StcagrId='01WPV_AO_U')",
		"uri": "LeiVergVereinbarungenSet(BusiBegin=datetime'2021-05-18T06%3A55%3A24',BucagrId='000000125776',TechBegin=datetime'2021-05-18T06%3A55%3A24',StcagrId='01WPV_AO_U')",
		"type": "ZICM_STAMM_PROVVERTR_SRV.LeiVergVereinbarungen"
	},
	"BusiBegin": "\/Date(1621320924000)\/",
	"ZVerszweig": "U",
	"Version": "000001",
	"CtrtbuId": "50021",
	"BusiEnd": "\/Date(253402214400000)\/",
	"BucagrId": "000000125776",
	"TechBegin": "\/Date(1621320924000)\/",
	"StcagrId": "01WPV_AO_U",
	"Bezeichnung": "WPV AO Unfall",
	"AgrTyp": "01",
	"ToKondTab": {
		"__deferred": {
			"uri": "LeiVergVereinbarungenSet(BusiBegin=datetime'2021-05-18T06%3A55%3A24',BucagrId='000000125776',TechBegin=datetime'2021-05-18T06%3A55%3A24',StcagrId='01WPV_AO_U')/ToKondTab"
		}
	}
}]