[{
	"__metadata": {
		"id": "OrgaStrukturSet(CacsBusitimeB=datetime'2021-05-18T06%3A54%3A06',CtrtbuId='50021',Otype='S',Objid='50000054',Plvar='',Relat='',Istat='',Priox='')",
		"uri": "OrgaStrukturSet(CacsBusitimeB=datetime'2021-05-18T06%3A54%3A06',CtrtbuId='50021',Otype='S',Objid='50000054',Plvar='',Relat='',Istat='',Priox='')",
		"type": "ZICM_STAMM_PROVVERTR_SRV.OrgaStruktur"
	},
	"CacsBusitimeB": "/Date(1621320924000)/",
	"Cacstechtime": "/Date(1621320924000)/",
	"CtrtbuId": "50021",
	"Otype": "S",
	"Objid": "50000054",
	"Plvar": "",
	"Relat": "",
	"Istat": "",
	"Priox": "",
	"Begda": null,
	"Endda": null,
	"Varyf": "",
	"Seqnr": "001",
	"Infty": "",
	"Otjid": "S 50000054",
	"Subty": "",
	"Aedtm": null,
	"Uname": "",
	"Reasn": "",
	"Histo": "",
	"Itxnr": "00000000",
	"Parenttype": "O",
	"ParentId": "50000229",
	"ParentOtjid": "O 50000229",
	"Prozt": "0.00",
	"Adatanr": "",
	"Short": "MÜNSTER_VTG",
	"Stext": "AD Provisionsverträge Münster"
}, {
	"__metadata": {
		"id": "OrgaStrukturSet(CacsBusitimeB=datetime'2021-05-18T06%3A54%3A06',CtrtbuId='50021',Otype='O',Objid='50000229',Plvar='',Relat='',Istat='',Priox='')",
		"uri": "OrgaStrukturSet(CacsBusitimeB=datetime'2021-05-18T06%3A54%3A06',CtrtbuId='50021',Otype='O',Objid='50000229',Plvar='',Relat='',Istat='',Priox='')",
		"type": "ZICM_STAMM_PROVVERTR_SRV.OrgaStruktur"
	},
	"CacsBusitimeB": "/Date(1621320924000)/",
	"Cacstechtime": "/Date(1621320924000)/",
	"CtrtbuId": "50021",
	"Otype": "O",
	"Objid": "50000229",
	"Plvar": "",
	"Relat": "",
	"Istat": "",
	"Priox": "",
	"Begda": null,
	"Endda": null,
	"Varyf": "",
	"Seqnr": "002",
	"Infty": "",
	"Otjid": "O 50000229",
	"Subty": "",
	"Aedtm": null,
	"Uname": "",
	"Reasn": "",
	"Histo": "",
	"Itxnr": "00000000",
	"Parenttype": "O",
	"ParentId": "50000052",
	"ParentOtjid": "O 50000052",
	"Prozt": "0.00",
	"Adatanr": "",
	"Short": "Münster AD",
	"Stext": "Aussendienst Münster"
}, {
	"__metadata": {
		"id": "OrgaStrukturSet(CacsBusitimeB=datetime'2021-05-18T06%3A54%3A06',CtrtbuId='50021',Otype='O',Objid='50000052',Plvar='',Relat='',Istat='',Priox='')",
		"uri": "OrgaStrukturSet(CacsBusitimeB=datetime'2021-05-18T06%3A54%3A06',CtrtbuId='50021',Otype='O',Objid='50000052',Plvar='',Relat='',Istat='',Priox='')",
		"type": "ZICM_STAMM_PROVVERTR_SRV.OrgaStruktur"
	},
	"CacsBusitimeB": "/Date(1621320924000)/",
	"Cacstechtime": "/Date(1621320924000)/",
	"CtrtbuId": "50021",
	"Otype": "O",
	"Objid": "50000052",
	"Plvar": "",
	"Relat": "",
	"Istat": "",
	"Priox": "",
	"Begda": null,
	"Endda": null,
	"Varyf": "",
	"Seqnr": "003",
	"Infty": "",
	"Otjid": "O 50000052",
	"Subty": "",
	"Aedtm": null,
	"Uname": "",
	"Reasn": "",
	"Histo": "",
	"Itxnr": "00000000",
	"Parenttype": "O",
	"ParentId": "50000050",
	"ParentOtjid": "O 50000050",
	"Prozt": "0.00",
	"Adatanr": "",
	"Short": "HV_MÜNSTER",
	"Stext": "Direktion Hauptverwaltung Münster"
}, {
	"__metadata": {
		"id": "OrgaStrukturSet(CacsBusitimeB=datetime'2021-05-18T06%3A54%3A06',CtrtbuId='50021',Otype='O',Objid='50000050',Plvar='',Relat='',Istat='',Priox='')",
		"uri": "OrgaStrukturSet(CacsBusitimeB=datetime'2021-05-18T06%3A54%3A06',CtrtbuId='50021',Otype='O',Objid='50000050',Plvar='',Relat='',Istat='',Priox='')",
		"type": "ZICM_STAMM_PROVVERTR_SRV.OrgaStruktur"
	},
	"CacsBusitimeB": "/Date(1621320924000)/",
	"Cacstechtime": "/Date(1621320924000)/",
	"CtrtbuId": "50021",
	"Otype": "O",
	"Objid": "50000050",
	"Plvar": "",
	"Relat": "",
	"Istat": "",
	"Priox": "",
	"Begda": null,
	"Endda": null,
	"Varyf": "",
	"Seqnr": "004",
	"Infty": "",
	"Otjid": "O 50000050",
	"Subty": "",
	"Aedtm": null,
	"Uname": "",
	"Reasn": "",
	"Histo": "",
	"Itxnr": "00000000",
	"Parenttype": "",
	"ParentId": "",
	"ParentOtjid": "",
	"Prozt": "0.00",
	"Adatanr": "",
	"Short": "PNW_KONZERN",
	"Stext": "Provinzial NordWest Konzern"
}]