[{
	"__metadata": {
		"id": "PartnerSet('50020')",
		"uri": "PartnerSet('50020')",
		"type": "ZICM_STAMM_PROVVERTR_SRV.Partner"
	},
	"CacsBusitimeB": "/Date(1621320924000)/",
	"Cacstechtime": "/Date(1621320924000)/",
	"CtrtbuId": "50020",
	"PartnerId": "50020",
	"Type": "3",
	"Bpkind": "VERM",
	"BuGroup": "Z001",
	"Bpext": "24813",
	"Source": "",
	"Title": "0002",
	"TitleLet": "",
	"Contact": "",
	"NameOrg1": "",
	"NameOrg2": "",
	"NameOrg3": "",
	"NameOrg4": "",
	"LegalEnty": "",
	"Location1": "0000000",
	"Location2": "00000",
	"Location3": "0",
	"NameLast": "",
	"NameFirst": "",
	"NameLst2": "",
	"NameLast2": "",
	"Namemiddle": "",
	"TitleAca1": "",
	"TitleAca2": "",
	"TitleRoyl": "",
	"Prefix1": "",
	"Prefix2": "",
	"Name1Text": "",
	"Xsexm": false,
	"Xsexf": false,
	"Birthpl": "",
	"Persnumber": "",
	"Xsexu": false,
	"Xubname": "",
	"BuLangu": "",
	"Gender": "",
	"Birthdt": null,
	"Deathdt": null,
	"Perno": "00000000",
	"NameGrp1": "Sommer",
	"NameGrp2": "Norbert",
	"McName1": "SOMMER",
	"McName2": "NORBERT",
	"PartnerGuid": "4d3dc691-001c-00a4-e100-8000ac15140f",
	"Addrcomm": "",
	"ValidFrom": "\/Date(-62135769600000)\/",
	"ValidTo": "\/Date(253402300799000)\/",
	"PartnerToAdresse": {
		"__deferred": {
			"uri": "PartnerSet('50020')/PartnerToAdresse"
		}
	}
}, {
	"__metadata": {
		"id": "PartnerSet('45038')",
		"uri": "PartnerSet('45038')",
		"type": "ZICM_STAMM_PROVVERTR_SRV.Partner"
	},
	"CacsBusitimeB": "\/Date(1621320846000)\/",
	"Cacstechtime": "\/Date(1621320846000)\/",
	"CtrtbuId": "45038",
	"PartnerId": "45038",
	"Type": "3",
	"Bpkind": "VERM",
	"BuGroup": "Z001",
	"Bpext": "263",
	"Source": "",
	"Title": "0003",
	"TitleLet": "",
	"Contact": "",
	"NameOrg1": "",
	"NameOrg2": "",
	"NameOrg3": "",
	"NameOrg4": "",
	"LegalEnty": "",
	"Location1": "0000000",
	"Location2": "00000",
	"Location3": "0",
	"NameLast": "",
	"NameFirst": "",
	"NameLst2": "",
	"NameLast2": "",
	"Namemiddle": "",
	"TitleAca1": "",
	"TitleAca2": "",
	"TitleRoyl": "",
	"Prefix1": "",
	"Prefix2": "",
	"Name1Text": "",
	"Xsexm": false,
	"Xsexf": false,
	"Birthpl": "",
	"Persnumber": "",
	"Xsexu": false,
	"Xubname": "",
	"BuLangu": "",
	"Gender": "",
	"Birthdt": null,
	"Deathdt": null,
	"Perno": "00000000",
	"NameGrp1": "Helmut K. E. Führer",
	"NameGrp2": "Versicherugsmakler",
	"McName1": "HELMUT K. E. FÜHRER",
	"McName2": "VERSICHERUGSMAKLER",
	"PartnerGuid": "005056a0-53b1-1ee5-90d0-b4cb784cdc81",
	"Addrcomm": "",
	"ValidFrom": "\/Date(-62135769600000)\/",
	"ValidTo": "\/Date(253402300799000)\/",
	"PartnerToAdresse": {
		"__deferred": {
			"uri": "PartnerSet('45038')/PartnerToAdresse"
		}
	}
}, {
	"__metadata": {
		"id": "/PartnerSet('50021')",
		"uri": "/PartnerSet('50021')",
		"type": "ZICM_STAMM_PROVVERTR_SRV.Partner"
	},
	"CacsBusitimeB": "/Date(1621320924000)/",
	"Cacstechtime": "/Date(1621320924000)/",
	"CtrtbuId": "50021",
	"PartnerId": "50021",
	"Type": "3",
	"Bpkind": "VERM",
	"BuGroup": "Z001",
	"Bpext": "30615",
	"Source": "",
	"Title": "0002",
	"TitleLet": "",
	"Contact": "",
	"NameOrg1": "",
	"NameOrg2": "",
	"NameOrg3": "",
	"NameOrg4": "",
	"LegalEnty": "",
	"Location1": "0000000",
	"Location2": "00000",
	"Location3": "0",
	"NameLast": "",
	"NameFirst": "",
	"NameLst2": "",
	"NameLast2": "",
	"Namemiddle": "",
	"TitleAca1": "",
	"TitleAca2": "",
	"TitleRoyl": "",
	"Prefix1": "",
	"Prefix2": "",
	"Name1Text": "",
	"Xsexm": false,
	"Xsexf": false,
	"Birthpl": "",
	"Persnumber": "",
	"Xsexu": false,
	"Xubname": "",
	"BuLangu": "",
	"Gender": "",
	"Birthdt": null,
	"Deathdt": null,
	"Perno": "00000000",
	"NameGrp1": "Sluschny",
	"NameGrp2": "Stefan",
	"McName1": "SLUSCHNY",
	"McName2": "STEFAN",
	"PartnerGuid": "4d42aefb-9760-00a4-e100-8000ac15140f",
	"Addrcomm": "",
	"ValidFrom": "\/Date(-62135769600000)\/",
	"ValidTo": "\/Date(253402300799000)\/",
	"PartnerToAdresse": {
		"__deferred": {
			"uri": "/PartnerSet('50021')/PartnerToAdresse"
		}
	}
}]