[{
	"__metadata": {
		"id": "ProvVertrSet(CacsBusitimeB=datetime'2021-05-18T06%3A54%3A06',Cacstechtime=datetime'2021-05-18T06%3A54%3A06',CtrtbuId='50020')",
		"uri": "ProvVertrSet(CacsBusitimeB=datetime'2021-05-18T06%3A54%3A06',Cacstechtime=datetime'2021-05-18T06%3A54%3A06',CtrtbuId='50020')",
		"type": "ZICM_STAMM_PROVVERTR_SRV.ProvVertr"
	},
	"CacsBusitimeB": "/Date(1621320924000)/",
	"Cacstechtime": "/Date(1621320924000)/",
	"CtrtbuId": "50020",
	"Version": "000008",
	"CtrtstId": "WPV_AO",
	"Gpart": "50020",
	"CtrtbuBdate": "\/Date(1072742400000)\/",
	"CtrtbuEdate": "\/Date(1372723200000)\/",
	"EntrDate": "\/Date(1072742400000)\/",
	"LeavDate": "\/Date(1372723200000)\/",
	"ConCurr": "EUR",
	"ChgReason": "002",
	"BusiBegin": "\/Date(1591056000000)\/",
	"BusiEnd": "\/Date(253402214400000)\/",
	"TechBegin": "\/Date(1590740166000)\/",
	"TechEnd": "\/Date(253402214400000)\/",
	"FlgCancelObj": "",
	"FlgCancelVers": "",
	"ChgTcode": "",
	"ChgUsr": "P011555",
	"TriMethTyp": "",
	"TriMethTarget": "",
	"StatusVersion": "1",
	"StatusWork": "9",
	"IntTitle": "220",
	"IntTitlet": "BK/GA/ GL Agentur",
	"TermOfNot": "",
	"TermDate": "",
	"Xdele": false,
	"Filterid": "",
	"CtrtbuIdExt": "",
	"Lvrsid": "",
	"Lvrsidt": "",
	"AdrKindCt": "",
	"AddrnumberCt": "",
	"AprStat": "",
	"RejReason": "",
	"ZVertragsmodell": "",
	"ZVertragsmodellt": "",
	"ZAgenturknz": "",
	"ZAgenturknzt": "",
	"ZMarkenauftritt": "",
	"ZMarkenauftrittt": "",
	"ZGebiet": "",
	"ZGebiett": "",
	"ZVermvertMit": "",
	"ZVermvertMitt": "",
	"ZSchadenvollmacht": false,
	"ZAktualisierung": "",
	"ZAktualisierungt": "",
	"ZSiebelnutzer": false,
	"ZSiebelnutzert": "",
	"ZSiebelSchadenbearb": "",
	"ZSiebelSchadenbearbt": "",
	"Herkunft": "2",
	"Herkunftt": "WPV",
	"CocSperre": true,
	"Notizen": "",
	"ToLavv": {
		"__deferred": {
			"uri": "ProvVertrSet(CacsBusitimeB=datetime'2021-05-18T06%3A55%3A24',Cacstechtime=datetime'2021-05-18T06%3A55%3A24',CtrtbuId='50020')/ToLavv"
		}
	},
	"ProVertrToReferenzen": {
		"__deferred": {
			"uri": "ProvVertrSet(CacsBusitimeB=datetime'2021-05-18T06%3A55%3A24',Cacstechtime=datetime'2021-05-18T06%3A55%3A24',CtrtbuId='50020')/ProVertrToReferenzen"
		}
	},
	"ProvVertrToKorrespondenz": {
		"__deferred": {
			"uri": "ProvVertrSet(CacsBusitimeB=datetime'2021-05-18T06%3A55%3A24',Cacstechtime=datetime'2021-05-18T06%3A55%3A24',CtrtbuId='50020')/ProvVertrToKorrespondenz"
		}
	},
	"ProvVertrToAbrechnung": {
		"__deferred": {
			"uri": "ProvVertrSet(CacsBusitimeB=datetime'2021-05-18T06%3A55%3A24',Cacstechtime=datetime'2021-05-18T06%3A55%3A24',CtrtbuId='50020')/ProvVertrToAbrechnung"
		}
	},
	"ProvVertrToOrgaStruktur": {
		"__deferred": {
			"uri": "ProvVertrSet(CacsBusitimeB=datetime'2021-05-18T06%3A55%3A24',Cacstechtime=datetime'2021-05-18T06%3A55%3A24',CtrtbuId='50020')/ProvVertrToOrgaStruktur"
		}
	},
	"ProvVertrToVermGruppen": {
		"__deferred": {
			"uri": "ProvVertrSet(CacsBusitimeB=datetime'2021-05-18T06%3A55%3A24',Cacstechtime=datetime'2021-05-18T06%3A55%3A24',CtrtbuId='50020')/ProvVertrToVermGruppen"
		}
	},
	"ProvVertrToWpvKond": {
		"__deferred": {
			"uri": "ProvVertrSet(CacsBusitimeB=datetime'2021-05-18T06%3A55%3A24',Cacstechtime=datetime'2021-05-18T06%3A55%3A24',CtrtbuId='50020')/ProvVertrToWpvKond"
		}
	},
	"ProvVertrToWpvStamm": {
		"__deferred": {
			"uri": "ProvVertrSet(CacsBusitimeB=datetime'2021-05-18T06%3A55%3A24',Cacstechtime=datetime'2021-05-18T06%3A55%3A24',CtrtbuId='50020')/ProvVertrToWpvStamm"
		}
	},
	"ProvVertrToPartner": {
		"__deferred": {
			"uri": "ProvVertrSet(CacsBusitimeB=datetime'2021-05-18T06%3A55%3A24',Cacstechtime=datetime'2021-05-18T06%3A55%3A24',CtrtbuId='50020')/ProvVertrToPartner"
		}
	},
	"ToVersion": {
		"__deferred": {
			"uri": "ProvVertrSet(CacsBusitimeB=datetime'2021-05-18T06%3A55%3A24',Cacstechtime=datetime'2021-05-18T06%3A55%3A24',CtrtbuId='50020')/ToVersion"
		}
	},
	"ToStdLavv": {
		"__deferred": {
			"uri": "ProvVertrSet(CacsBusitimeB=datetime'2021-05-18T06%3A55%3A24',Cacstechtime=datetime'2021-05-18T06%3A55%3A24',CtrtbuId='50020')/ToStdLavv"
		}
	},
	"ProvVertrToKommMakler": {
		"__deferred": {
			"uri": "ProvVertrSet(CacsBusitimeB=datetime'2021-05-18T06%3A55%3A24',Cacstechtime=datetime'2021-05-18T06%3A55%3A24',CtrtbuId='50020')/ProvVertrToKommMakler"
		}
	},
	"ProvVertrToAnsprechpartner": {
		"__deferred": {
			"uri": "ProvVertrSet(CacsBusitimeB=datetime'2021-05-18T06%3A55%3A24',Cacstechtime=datetime'2021-05-18T06%3A55%3A24',CtrtbuId='50020')/ProvVertrToAnsprechpartner"
		}
	},
	"ProvVertrToAuszahlungBank": {
		"__deferred": {
			"uri": "ProvVertrSet(CacsBusitimeB=datetime'2021-05-18T06%3A55%3A24',Cacstechtime=datetime'2021-05-18T06%3A55%3A24',CtrtbuId='50020')/ProvVertrToAuszahlungBank"
		}
	}
}, {
	"__metadata": {
		"id": "ProvVertrSet(CacsBusitimeB=datetime'2021-05-18T06%3A54%3A06',Cacstechtime=datetime'2021-05-18T06%3A54%3A06',CtrtbuId='45038')",
		"uri": "ProvVertrSet(CacsBusitimeB=datetime'2021-05-18T06%3A54%3A06',Cacstechtime=datetime'2021-05-18T06%3A54%3A06',CtrtbuId='45038')",
		"type": "ZICM_STAMM_PROVVERTR_SRV.ProvVertr"
	},
	"CacsBusitimeB": "\/Date(1621320846000)\/",
	"Cacstechtime": "\/Date(1621320846000)\/",
	"CtrtbuId": "45038",
	"Version": "000016",
	"CtrtstId": "HFK_MAKLER",
	"Gpart": "45038",
	"CtrtbuBdate": "\/Date(567993600000)\/",
	"CtrtbuEdate": "\/Date(253402214400000)\/",
	"EntrDate": "\/Date(567993600000)\/",
	"LeavDate": "\/Date(253402214400000)\/",
	"ConCurr": "EUR",
	"ChgReason": "PNW",
	"BusiBegin": "\/Date(1594080000000)\/",
	"BusiEnd": "\/Date(253402214400000)\/",
	"TechBegin": "\/Date(-2208988800000)\/",
	"TechEnd": "\/Date(253402214400000)\/",
	"FlgCancelObj": "",
	"FlgCancelVers": "",
	"ChgTcode": "",
	"ChgUsr": "",
	"TriMethTyp": "1",
	"TriMethTarget": "",
	"StatusVersion": "",
	"StatusWork": "",
	"IntTitle": "410",
	"IntTitlet": "Makler",
	"TermOfNot": "",
	"TermDate": "",
	"Xdele": false,
	"Filterid": "",
	"CtrtbuIdExt": "",
	"Lvrsid": "",
	"Lvrsidt": "",
	"AdrKindCt": "",
	"AddrnumberCt": "",
	"AprStat": "01",
	"RejReason": "",
	"ZVertragsmodell": "5",
	"ZVertragsmodellt": "Ausschließlichkeitsvermittler",
	"ZAgenturknz": "15",
	"ZAgenturknzt": "Zielmakler Zielmakler",
	"ZMarkenauftritt": "4",
	"ZMarkenauftrittt": "HFK Markenauftritt HFK",
	"ZGebiet": "2",
	"ZGebiett": "Hamburg Hamburg",
	"ZVermvertMit": "3",
	"ZVermvertMitt": "Hamburg",
	"ZSchadenvollmacht": false,
	"ZAktualisierung": "1",
	"ZAktualisierungt": "PC PC",
	"ZSiebelnutzer": false,
	"ZSiebelnutzert": "",
	"ZSiebelSchadenbearb": "X",
	"ZSiebelSchadenbearbt": "ja",
	"Herkunft": "4",
	"Herkunftt": "HFK",
	"CocSperre": false,
	"Notizen": "",
	"ToLavv": {
		"__deferred": {
			"uri": "ProvVertrSet(CacsBusitimeB=datetime'2021-05-18T06%3A54%3A06',Cacstechtime=datetime'2021-05-18T06%3A54%3A06',CtrtbuId='45038')/ToLavv"
		}
	},
	"ProVertrToReferenzen": {
		"__deferred": {
			"uri": "ProvVertrSet(CacsBusitimeB=datetime'2021-05-18T06%3A54%3A06',Cacstechtime=datetime'2021-05-18T06%3A54%3A06',CtrtbuId='45038')/ProVertrToReferenzen"
		}
	},
	"ProvVertrToKorrespondenz": {
		"__deferred": {
			"uri": "ProvVertrSet(CacsBusitimeB=datetime'2021-05-18T06%3A54%3A06',Cacstechtime=datetime'2021-05-18T06%3A54%3A06',CtrtbuId='45038')/ProvVertrToKorrespondenz"
		}
	},
	"ProvVertrToAbrechnung": {
		"__deferred": {
			"uri": "ProvVertrSet(CacsBusitimeB=datetime'2021-05-18T06%3A54%3A06',Cacstechtime=datetime'2021-05-18T06%3A54%3A06',CtrtbuId='45038')/ProvVertrToAbrechnung"
		}
	},
	"ProvVertrToOrgaStruktur": {
		"__deferred": {
			"uri": "ProvVertrSet(CacsBusitimeB=datetime'2021-05-18T06%3A54%3A06',Cacstechtime=datetime'2021-05-18T06%3A54%3A06',CtrtbuId='45038')/ProvVertrToOrgaStruktur"
		}
	},
	"ProvVertrToVermGruppen": {
		"__deferred": {
			"uri": "ProvVertrSet(CacsBusitimeB=datetime'2021-05-18T06%3A54%3A06',Cacstechtime=datetime'2021-05-18T06%3A54%3A06',CtrtbuId='45038')/ProvVertrToVermGruppen"
		}
	},
	"ProvVertrToWpvKond": {
		"__deferred": {
			"uri": "ProvVertrSet(CacsBusitimeB=datetime'2021-05-18T06%3A54%3A06',Cacstechtime=datetime'2021-05-18T06%3A54%3A06',CtrtbuId='45038')/ProvVertrToWpvKond"
		}
	},
	"ProvVertrToWpvStamm": {
		"__deferred": {
			"uri": "ProvVertrSet(CacsBusitimeB=datetime'2021-05-18T06%3A54%3A06',Cacstechtime=datetime'2021-05-18T06%3A54%3A06',CtrtbuId='45038')/ProvVertrToWpvStamm"
		}
	},
	"ProvVertrToPartner": {
		"__deferred": {
			"uri": "ProvVertrSet(CacsBusitimeB=datetime'2021-05-18T06%3A54%3A06',Cacstechtime=datetime'2021-05-18T06%3A54%3A06',CtrtbuId='45038')/ProvVertrToPartner"
		}
	},
	"ToVersion": {
		"__deferred": {
			"uri": "ProvVertrSet(CacsBusitimeB=datetime'2021-05-18T06%3A54%3A06',Cacstechtime=datetime'2021-05-18T06%3A54%3A06',CtrtbuId='45038')/ToVersion"
		}
	},
	"ToStdLavv": {
		"__deferred": {
			"uri": "ProvVertrSet(CacsBusitimeB=datetime'2021-05-18T06%3A54%3A06',Cacstechtime=datetime'2021-05-18T06%3A54%3A06',CtrtbuId='45038')/ToStdLavv"
		}
	},
	"ProvVertrToKommMakler": {
		"__deferred": {
			"uri": "ProvVertrSet(CacsBusitimeB=datetime'2021-05-18T06%3A54%3A06',Cacstechtime=datetime'2021-05-18T06%3A54%3A06',CtrtbuId='45038')/ProvVertrToKommMakler"
		}
	},
	"ProvVertrToAnsprechpartner": {
		"__deferred": {
			"uri": "ProvVertrSet(CacsBusitimeB=datetime'2021-05-18T06%3A54%3A06',Cacstechtime=datetime'2021-05-18T06%3A54%3A06',CtrtbuId='45038')/ProvVertrToAnsprechpartner"
		}
	},
	"ProvVertrToAuszahlungBank": {
		"__deferred": {
			"uri": "ProvVertrSet(CacsBusitimeB=datetime'2021-05-18T06%3A54%3A06',Cacstechtime=datetime'2021-05-18T06%3A54%3A06',CtrtbuId='45038')/ProvVertrToAuszahlungBank"
		}
	}
}, {
	"__metadata": {
		"id": "ProvVertrSet(CacsBusitimeB=datetime'2021-05-18T06%3A55%3A24',Cacstechtime=datetime'2021-05-18T06%3A55%3A24',CtrtbuId='50021')",
		"uri": "ProvVertrSet(CacsBusitimeB=datetime'2021-05-18T06%3A55%3A24',Cacstechtime=datetime'2021-05-18T06%3A55%3A24',CtrtbuId='50021')",
		"type": "ZICM_STAMM_PROVVERTR_SRV.ProvVertr"
	},
	"CacsBusitimeB": "/Date(1621320924000)/",
	"Cacstechtime": "/Date(1621320924000)/",
	"CtrtbuId": "50021",
	"Version": "000040",
	"CtrtstId": "WPV_AO",
	"Gpart": "50021",
	"CtrtbuBdate": "\/Date(1149033600000)\/",
	"CtrtbuEdate": "\/Date(253402214400000)\/",
	"EntrDate": "\/Date(1149033600000)\/",
	"LeavDate": "\/Date(253402214400000)\/",
	"ConCurr": "EUR",
	"ChgReason": "PNW",
	"BusiBegin": "\/Date(1594080000000)\/",
	"BusiEnd": "\/Date(253402214400000)\/",
	"TechBegin": "\/Date(1603976950000)\/",
	"TechEnd": "\/Date(253402214400000)\/",
	"FlgCancelObj": "",
	"FlgCancelVers": "",
	"ChgTcode": "",
	"ChgUsr": "P007328",
	"TriMethTyp": "",
	"TriMethTarget": "",
	"StatusVersion": "1",
	"StatusWork": "9",
	"IntTitle": "230",
	"IntTitlet": "BK/GA/GL-Agt mit erw. Vollm.",
	"TermOfNot": "",
	"TermDate": "",
	"Xdele": false,
	"Filterid": "",
	"CtrtbuIdExt": "",
	"Lvrsid": "",
	"Lvrsidt": "",
	"AdrKindCt": "",
	"AddrnumberCt": "",
	"AprStat": "",
	"RejReason": "",
	"ZVertragsmodell": "1",
	"ZVertragsmodellt": "ohne Besonderheit",
	"ZAgenturknz": "3",
	"ZAgenturknzt": "Agentur Agentur",
	"ZMarkenauftritt": "2",
	"ZMarkenauftrittt": "WPV Markenauftritt WPV",
	"ZGebiet": "4",
	"ZGebiett": "Münster Münster",
	"ZVermvertMit": "2",
	"ZVermvertMitt": "Münster",
	"ZSchadenvollmacht": false,
	"ZAktualisierung": "6",
	"ZAktualisierungt": "NAS + PC NAS + PC",
	"ZSiebelnutzer": true,
	"ZSiebelnutzert": "ja",
	"ZSiebelSchadenbearb": "",
	"ZSiebelSchadenbearbt": "",
	"Herkunft": "2",
	"Herkunftt": "WPV",
	"CocSperre": false,
	"Notizen": "",
	"ToLavv": {
		"__deferred": {
			"uri": "ProvVertrSet(CacsBusitimeB=datetime'2021-05-18T06%3A55%3A24',Cacstechtime=datetime'2021-05-18T06%3A55%3A24',CtrtbuId='50021')/ToLavv"
		}
	},
	"ProVertrToReferenzen": {
		"__deferred": {
			"uri": "ProvVertrSet(CacsBusitimeB=datetime'2021-05-18T06%3A55%3A24',Cacstechtime=datetime'2021-05-18T06%3A55%3A24',CtrtbuId='50021')/ProVertrToReferenzen"
		}
	},
	"ProvVertrToKorrespondenz": {
		"__deferred": {
			"uri": "ProvVertrSet(CacsBusitimeB=datetime'2021-05-18T06%3A55%3A24',Cacstechtime=datetime'2021-05-18T06%3A55%3A24',CtrtbuId='50021')/ProvVertrToKorrespondenz"
		}
	},
	"ProvVertrToAbrechnung": {
		"__deferred": {
			"uri": "ProvVertrSet(CacsBusitimeB=datetime'2021-05-18T06%3A55%3A24',Cacstechtime=datetime'2021-05-18T06%3A55%3A24',CtrtbuId='50021')/ProvVertrToAbrechnung"
		}
	},
	"ProvVertrToOrgaStruktur": {
		"__deferred": {
			"uri": "ProvVertrSet(CacsBusitimeB=datetime'2021-05-18T06%3A55%3A24',Cacstechtime=datetime'2021-05-18T06%3A55%3A24',CtrtbuId='50021')/ProvVertrToOrgaStruktur"
		}
	},
	"ProvVertrToVermGruppen": {
		"__deferred": {
			"uri": "ProvVertrSet(CacsBusitimeB=datetime'2021-05-18T06%3A55%3A24',Cacstechtime=datetime'2021-05-18T06%3A55%3A24',CtrtbuId='50021')/ProvVertrToVermGruppen"
		}
	},
	"ProvVertrToWpvKond": {
		"__deferred": {
			"uri": "ProvVertrSet(CacsBusitimeB=datetime'2021-05-18T06%3A55%3A24',Cacstechtime=datetime'2021-05-18T06%3A55%3A24',CtrtbuId='50021')/ProvVertrToWpvKond"
		}
	},
	"ProvVertrToWpvStamm": {
		"__deferred": {
			"uri": "ProvVertrSet(CacsBusitimeB=datetime'2021-05-18T06%3A55%3A24',Cacstechtime=datetime'2021-05-18T06%3A55%3A24',CtrtbuId='50021')/ProvVertrToWpvStamm"
		}
	},
	"ProvVertrToPartner": {
		"__deferred": {
			"uri": "ProvVertrSet(CacsBusitimeB=datetime'2021-05-18T06%3A55%3A24',Cacstechtime=datetime'2021-05-18T06%3A55%3A24',CtrtbuId='50021')/ProvVertrToPartner"
		}
	},
	"ToVersion": {
		"__deferred": {
			"uri": "ProvVertrSet(CacsBusitimeB=datetime'2021-05-18T06%3A55%3A24',Cacstechtime=datetime'2021-05-18T06%3A55%3A24',CtrtbuId='50021')/ToVersion"
		}
	},
	"ToStdLavv": {
		"__deferred": {
			"uri": "ProvVertrSet(CacsBusitimeB=datetime'2021-05-18T06%3A55%3A24',Cacstechtime=datetime'2021-05-18T06%3A55%3A24',CtrtbuId='50021')/ToStdLavv"
		}
	},
	"ProvVertrToKommMakler": {
		"__deferred": {
			"uri": "ProvVertrSet(CacsBusitimeB=datetime'2021-05-18T06%3A55%3A24',Cacstechtime=datetime'2021-05-18T06%3A55%3A24',CtrtbuId='50021')/ProvVertrToKommMakler"
		}
	},
	"ProvVertrToAnsprechpartner": {
		"__deferred": {
			"uri": "ProvVertrSet(CacsBusitimeB=datetime'2021-05-18T06%3A55%3A24',Cacstechtime=datetime'2021-05-18T06%3A55%3A24',CtrtbuId='50021')/ProvVertrToAnsprechpartner"
		}
	},
	"ProvVertrToAuszahlungBank": {
		"__deferred": {
			"uri": "ProvVertrSet(CacsBusitimeB=datetime'2021-05-18T06%3A55%3A24',Cacstechtime=datetime'2021-05-18T06%3A55%3A24',CtrtbuId='50021')/ProvVertrToAuszahlungBank"
		}
	}
}, {
	"__metadata": {
		"id": "ProvVertrSet(CacsBusitimeB=datetime'2021-05-18T06%3A55%3A24',Cacstechtime=datetime'2021-05-18T06%3A55%3A24',CtrtbuId='50022')",
		"uri": "ProvVertrSet(CacsBusitimeB=datetime'2021-05-18T06%3A55%3A24',Cacstechtime=datetime'2021-05-18T06%3A55%3A24',CtrtbuId='50022')",
		"type": "ZICM_STAMM_PROVVERTR_SRV.ProvVertr"
	},
	"CacsBusitimeB": "/Date(1621320924000)/",
	"Cacstechtime": "/Date(1621320924000)/",
	"CtrtbuId": "50022",
	"Version": "000040",
	"CtrtstId": "WPV_AO",
	"Gpart": "50021",
	"CtrtbuBdate": "\/Date(1149033600000)\/",
	"CtrtbuEdate": "\/Date(253402214400000)\/",
	"EntrDate": "\/Date(1149033600000)\/",
	"LeavDate": "\/Date(253402214400000)\/",
	"ConCurr": "EUR",
	"ChgReason": "PNW",
	"BusiBegin": "\/Date(1594080000000)\/",
	"BusiEnd": "\/Date(253402214400000)\/",
	"TechBegin": "\/Date(1603976950000)\/",
	"TechEnd": "\/Date(253402214400000)\/",
	"FlgCancelObj": "",
	"FlgCancelVers": "",
	"ChgTcode": "",
	"ChgUsr": "P007328",
	"TriMethTyp": "",
	"TriMethTarget": "",
	"StatusVersion": "1",
	"StatusWork": "9",
	"IntTitle": "230",
	"IntTitlet": "BK/GA/GL-Agt mit erw. Vollm.",
	"TermOfNot": "",
	"TermDate": "",
	"Xdele": false,
	"Filterid": "",
	"CtrtbuIdExt": "",
	"Lvrsid": "",
	"Lvrsidt": "",
	"AdrKindCt": "",
	"AddrnumberCt": "",
	"AprStat": "",
	"RejReason": "",
	"ZVertragsmodell": "1",
	"ZVertragsmodellt": "ohne Besonerheit",
	"ZAgenturknz": "3",
	"ZAgenturknzt": "Agentur Agentur",
	"ZMarkenauftritt": "2",
	"ZMarkenauftrittt": "WPV Markenauftritt WPV",
	"ZGebiet": "4",
	"ZGebiett": "Münster Münster",
	"ZVermvertMit": "2",
	"ZVermvertMitt": "Münster",
	"ZSchadenvollmacht": true,
	"ZAktualisierung": "6",
	"ZAktualisierungt": "NAS + PC NAS + PC",
	"ZSiebelnutzer": true,
	"ZSiebelnutzert": "ja",
	"ZSiebelSchadenbearb": "",
	"ZSiebelSchadenbearbt": "",
	"Herkunft": "2",
	"Herkunftt": "WPV",
	"CocSperre": false,
	"Notizen": "",
	"ToLavv": {
		"__deferred": {
			"uri": "ProvVertrSet(CacsBusitimeB=datetime'2021-05-18T06%3A55%3A24',Cacstechtime=datetime'2021-05-18T06%3A55%3A24',CtrtbuId='50021')/ToLavv"
		}
	},
	"ProVertrToReferenzen": {
		"__deferred": {
			"uri": "ProvVertrSet(CacsBusitimeB=datetime'2021-05-18T06%3A55%3A24',Cacstechtime=datetime'2021-05-18T06%3A55%3A24',CtrtbuId='50021')/ProVertrToReferenzen"
		}
	},
	"ProvVertrToKorrespondenz": {
		"__deferred": {
			"uri": "ProvVertrSet(CacsBusitimeB=datetime'2021-05-18T06%3A55%3A24',Cacstechtime=datetime'2021-05-18T06%3A55%3A24',CtrtbuId='50021')/ProvVertrToKorrespondenz"
		}
	},
	"ProvVertrToAbrechnung": {
		"__deferred": {
			"uri": "ProvVertrSet(CacsBusitimeB=datetime'2021-05-18T06%3A55%3A24',Cacstechtime=datetime'2021-05-18T06%3A55%3A24',CtrtbuId='50021')/ProvVertrToAbrechnung"
		}
	},
	"ProvVertrToOrgaStruktur": {
		"__deferred": {
			"uri": "ProvVertrSet(CacsBusitimeB=datetime'2021-05-18T06%3A55%3A24',Cacstechtime=datetime'2021-05-18T06%3A55%3A24',CtrtbuId='50021')/ProvVertrToOrgaStruktur"
		}
	},
	"ProvVertrToVermGruppen": {
		"__deferred": {
			"uri": "ProvVertrSet(CacsBusitimeB=datetime'2021-05-18T06%3A55%3A24',Cacstechtime=datetime'2021-05-18T06%3A55%3A24',CtrtbuId='50021')/ProvVertrToVermGruppen"
		}
	},
	"ProvVertrToWpvKond": {
		"__deferred": {
			"uri": "ProvVertrSet(CacsBusitimeB=datetime'2021-05-18T06%3A55%3A24',Cacstechtime=datetime'2021-05-18T06%3A55%3A24',CtrtbuId='50021')/ProvVertrToWpvKond"
		}
	},
	"ProvVertrToWpvStamm": {
		"__deferred": {
			"uri": "ProvVertrSet(CacsBusitimeB=datetime'2021-05-18T06%3A55%3A24',Cacstechtime=datetime'2021-05-18T06%3A55%3A24',CtrtbuId='50021')/ProvVertrToWpvStamm"
		}
	},
	"ProvVertrToPartner": {
		"__deferred": {
			"uri": "ProvVertrSet(CacsBusitimeB=datetime'2021-05-18T06%3A55%3A24',Cacstechtime=datetime'2021-05-18T06%3A55%3A24',CtrtbuId='50021')/ProvVertrToPartner"
		}
	},
	"ToVersion": {
		"__deferred": {
			"uri": "ProvVertrSet(CacsBusitimeB=datetime'2021-05-18T06%3A55%3A24',Cacstechtime=datetime'2021-05-18T06%3A55%3A24',CtrtbuId='50021')/ToVersion"
		}
	},
	"ToStdLavv": {
		"__deferred": {
			"uri": "ProvVertrSet(CacsBusitimeB=datetime'2021-05-18T06%3A55%3A24',Cacstechtime=datetime'2021-05-18T06%3A55%3A24',CtrtbuId='50021')/ToStdLavv"
		}
	},
	"ProvVertrToKommMakler": {
		"__deferred": {
			"uri": "ProvVertrSet(CacsBusitimeB=datetime'2021-05-18T06%3A55%3A24',Cacstechtime=datetime'2021-05-18T06%3A55%3A24',CtrtbuId='50021')/ProvVertrToKommMakler"
		}
	},
	"ProvVertrToAnsprechpartner": {
		"__deferred": {
			"uri": "ProvVertrSet(CacsBusitimeB=datetime'2021-05-18T06%3A55%3A24',Cacstechtime=datetime'2021-05-18T06%3A55%3A24',CtrtbuId='50021')/ProvVertrToAnsprechpartner"
		}
	},
	"ProvVertrToAuszahlungBank": {
		"__deferred": {
			"uri": "ProvVertrSet(CacsBusitimeB=datetime'2021-05-18T06%3A55%3A24',Cacstechtime=datetime'2021-05-18T06%3A55%3A24',CtrtbuId='50021')/ProvVertrToAuszahlungBank"
		}
	}
}, {
	"__metadata": {
		"id": "ProvVertrSet(CacsBusitimeB=datetime'2018-03-17T21%3A08%3A44',Cacstechtime=datetime'2018-03-17T21%3A08%3A44',CtrtbuId='50022')",
		"uri": "ProvVertrSet(CacsBusitimeB=datetime'2018-03-17T21%3A08%3A44',Cacstechtime=datetime'2018-03-17T21%3A08%3A44',CtrtbuId='50022')",
		"type": "ZICM_STAMM_PROVVERTR_SRV.ProvVertr"
	},
	"CacsBusitimeB": "/Date(1521320924000)/",
	"Cacstechtime": "/Date(1521320924000)/",
	"CtrtbuId": "50022",
	"Version": "000040",
	"CtrtstId": "WPV_AO",
	"Gpart": "50021",
	"CtrtbuBdate": "\/Date(1149033600000)\/",
	"CtrtbuEdate": "\/Date(253402214400000)\/",
	"EntrDate": "\/Date(1149033600000)\/",
	"LeavDate": "\/Date(253402214400000)\/",
	"ConCurr": "EUR",
	"ChgReason": "PNW",
	"BusiBegin": "\/Date(1521320924000)\/",
	"BusiEnd": "\/Date(253402214400000)\/",
	"TechBegin": "\/Date(1521320924000)\/",
	"TechEnd": "\/Date(253402214400000)\/",
	"FlgCancelObj": "",
	"FlgCancelVers": "",
	"ChgTcode": "",
	"ChgUsr": "P007328",
	"TriMethTyp": "",
	"TriMethTarget": "",
	"StatusVersion": "1",
	"StatusWork": "9",
	"IntTitle": "230",
	"IntTitlet": "IntTitle changed",
	"TermOfNot": "",
	"TermDate": "",
	"Xdele": false,
	"Filterid": "",
	"CtrtbuIdExt": "",
	"Lvrsid": "",
	"Lvrsidt": "",
	"AdrKindCt": "",
	"AddrnumberCt": "",
	"AprStat": "",
	"RejReason": "",
	"ZVertragsmodell": "1",
	"ZVertragsmodellt": "ohne Besonderheit",
	"ZAgenturknz": "3",
	"ZAgenturknzt": "Agentur Agentur",
	"ZMarkenauftritt": "2",
	"ZMarkenauftrittt": "WPV Markenauftritt WPV",
	"ZGebiet": "4",
	"ZGebiett": "Münster Münster",
	"ZVermvertMit": "2",
	"ZVermvertMitt": "Münster",
	"ZSchadenvollmacht": true,
	"ZAktualisierung": "6",
	"ZAktualisierungt": "NAS + PC NAS + PC",
	"ZSiebelnutzer": true,
	"ZSiebelnutzert": "ja",
	"ZSiebelSchadenbearb": "",
	"ZSiebelSchadenbearbt": "",
	"Herkunft": "2",
	"Herkunftt": "WPV",
	"CocSperre": false,
	"Notizen": "",
	"ToLavv": {
		"__deferred": {
			"uri": "ProvVertrSet(CacsBusitimeB=datetime'2018-03-17T21%3A08%3A44',Cacstechtime=datetime'2018-03-17T21%3A08%3A44',CtrtbuId='50022')/ToLavv"
		}
	},
	"ProVertrToReferenzen": {
		"__deferred": {
			"uri": "ProvVertrSet(CacsBusitimeB=datetime'2018-03-17T21%3A08%3A44',Cacstechtime=datetime'2018-03-17T21%3A08%3A44',CtrtbuId='50022')/ProVertrToReferenzen"
		}
	},
	"ProvVertrToKorrespondenz": {
		"__deferred": {
			"uri": "ProvVertrSet(CacsBusitimeB=datetime'2018-03-17T21%3A08%3A44',Cacstechtime=datetime'2018-03-17T21%3A08%3A44',CtrtbuId='50022')/ProvVertrToKorrespondenz"
		}
	},
	"ProvVertrToAbrechnung": {
		"__deferred": {
			"uri": "ProvVertrSet(CacsBusitimeB=datetime'2018-03-17T21%3A08%3A44',Cacstechtime=datetime'2018-03-17T21%3A08%3A44',CtrtbuId='50022')/ProvVertrToAbrechnung"
		}
	},
	"ProvVertrToOrgaStruktur": {
		"__deferred": {
			"uri": "ProvVertrSet(CacsBusitimeB=datetime'2018-03-17T21%3A08%3A44',Cacstechtime=datetime'2018-03-17T21%3A08%3A44',CtrtbuId='50022')/ProvVertrToOrgaStruktur"
		}
	},
	"ProvVertrToVermGruppen": {
		"__deferred": {
			"uri": "ProvVertrSet(CacsBusitimeB=datetime'2018-03-17T21%3A08%3A44',Cacstechtime=datetime'2018-03-17T21%3A08%3A44',CtrtbuId='50022')/ProvVertrToVermGruppen"
		}
	},
	"ProvVertrToWpvKond": {
		"__deferred": {
			"uri": "ProvVertrSet(CacsBusitimeB=datetime'2018-03-17T21%3A08%3A44',Cacstechtime=datetime'2018-03-17T21%3A08%3A44',CtrtbuId='50022')/ProvVertrToWpvKond"
		}
	},
	"ProvVertrToWpvStamm": {
		"__deferred": {
			"uri": "ProvVertrSet(CacsBusitimeB=datetime'2018-03-17T21%3A08%3A44',Cacstechtime=datetime'2018-03-17T21%3A08%3A44',CtrtbuId='50022')/ProvVertrToWpvStamm"
		}
	},
	"ProvVertrToPartner": {
		"__deferred": {
			"uri": "ProvVertrSet(CacsBusitimeB=datetime'2018-03-17T21%3A08%3A44',Cacstechtime=datetime'2018-03-17T21%3A08%3A44',CtrtbuId='50022')/ProvVertrToPartner"
		}
	},
	"ToVersion": {
		"__deferred": {
			"uri": "ProvVertrSet(CacsBusitimeB=datetime'2018-03-17T21%3A08%3A44',Cacstechtime=datetime'2018-03-17T21%3A08%3A44',CtrtbuId='50022')/ToVersion"
		}
	},
	"ToStdLavv": {
		"__deferred": {
			"uri": "ProvVertrSet(CacsBusitimeB=datetime'2018-03-17T21%3A08%3A44',Cacstechtime=datetime'2018-03-17T21%3A08%3A44',CtrtbuId='50022')/ToStdLavv"
		}
	},
	"ProvVertrToKommMakler": {
		"__deferred": {
			"uri": "ProvVertrSet(CacsBusitimeB=datetime'2018-03-17T21%3A08%3A44',Cacstechtime=datetime'2018-03-17T21%3A08%3A44',CtrtbuId='50022')/ProvVertrToKommMakler"
		}
	},
	"ProvVertrToAnsprechpartner": {
		"__deferred": {
			"uri": "ProvVertrSet(CacsBusitimeB=datetime'2018-03-17T21%3A08%3A44',Cacstechtime=datetime'2018-03-17T21%3A08%3A44',CtrtbuId='50022')/ProvVertrToAnsprechpartner"
		}
	},
	"ProvVertrToAuszahlungBank": {
		"__deferred": {
			"uri": "ProvVertrSet(CacsBusitimeB=datetime'2018-03-17T21%3A08%3A44',Cacstechtime=datetime'2018-03-17T21%3A08%3A44',CtrtbuId='50022')/ProvVertrToAuszahlungBank"
		}
	}
}]