[{
	"__metadata": {
		"id": "ProvVertVersionSet(CacsBusitimeB=datetime'2021-05-18T06%3A55%3A24',Cacstechtime=datetime'2021-05-18T06%3A55%3A24',CtrtbuId='50022')",
		"uri": "ProvVertVersionSet(CacsBusitimeB=datetime'2021-05-18T06%3A55%3A24',Cacstechtime=datetime'2021-05-18T06%3A55%3A24',CtrtbuId='50022')",
		"type": "ZICM_STAMM_PROVVERTR_SRV.ProvVertVersion"
	},
	"CacsBusitimeB": "/Date(1521320924000)/",
	"Cacstechtime": "/Date(1521320924000)/",
	"CtrtbuId": "50022",
	"Version": "000040",
	"BusiBegin": "/Date(1621320924000)/",
	"BusiEnd": "\/Date(253402214400000)\/",
	"TechBegin": "/Date(1621320924000)/",
	"TechEnd": "\/Date(253402214400000)\/",
	"ChgReason": "PNW",
	"ChgReasonTxt": "Änderung Vermittler"
}]