[{
	"__metadata": {
		"id": "PvSucheSet(CacsBusitimeB=datetime'2021-05-18T06%3A55%3A24',Cacstechtime=datetime'2021-05-18T06%3A55%3A24',CtrtbuId='50020')",
		"uri": "PvSucheSet(CacsBusitimeB=datetime'2021-05-18T06%3A55%3A24',Cacstechtime=datetime'2021-05-18T06%3A55%3A24',CtrtbuId='50020')",
		"type": "ZICM_STAMM_PROVVERTR_SRV.PvSuche"
	},
	"CacsBusitimeB": "/Date(1621320924000)/",
	"Cacstechtime": "/Date(1621320924000)/",
	"CtrtbuId": "50020",
	"Version": "000008",
	"CtrtstId": "WPV_AO",
	"CtrtbuBdate": "\/Date(1072742400000)\/",
	"CtrtbuEdate": "\/Date(1372723200000)\/",
	"IntTitle": "220",
	"CtrtstIdT": "WPV Ausschließlichkeits-Organisation",
	"DescriptSh": "BK/GA/ GL Agentur",
	"NameGrp1": "Sommer",
	"NameGrp2": "Norbert",
	"Bpext": "24813",
	"FlgStatus": "",
	"Zgebiet": "",
	"Zgebiett": "",
	"Herkunft": "2",
	"Herkunftt": "WPV",
	"StcagrId": "",
	"CocSperre": true,
	"PvSucheToProvVertr": {
		"__deferred": {
			"uri": "PvSucheSet(CacsBusitimeB=datetime'2021-05-18T06%3A55%3A24',Cacstechtime=datetime'2021-05-18T06%3A55%3A24',CtrtbuId='50020')/PvSucheToProvVertr"
		}
	}
}, {
	"__metadata": {
		"id": "PvSucheSet(CacsBusitimeB=datetime'2021-05-18T06%3A54%3A06',Cacstechtime=datetime'2021-05-18T06%3A54%3A06',CtrtbuId='45038')",
		"uri": "PvSucheSet(CacsBusitimeB=datetime'2021-05-18T06%3A54%3A06',Cacstechtime=datetime'2021-05-18T06%3A54%3A06',CtrtbuId='45038')",
		"type": "ZICM_STAMM_PROVVERTR_SRV.PvSuche"
	},
	"CacsBusitimeB": "\/Date(1621320846000)\/",
	"Cacstechtime": "\/Date(1621320846000)\/",
	"CtrtbuId": "45038",
	"Version": "000016",
	"CtrtstId": "HFK_MAKLER",
	"CtrtbuBdate": "\/Date(567993600000)\/",
	"CtrtbuEdate": "\/Date(253402214400000)\/",
	"IntTitle": "410",
	"CtrtstIdT": "Makler Hamburger Feuerkasse",
	"DescriptSh": "Makler",
	"NameGrp1": "Helmut K. E. Führer",
	"NameGrp2": "Versicherugsmakler",
	"Bpext": "263",
	"FlgStatus": "X",
	"Zgebiet": "2",
	"Zgebiett": "Hamburg Hamburg",
	"Herkunft": "4",
	"Herkunftt": "HFK",
	"StcagrId": "",
	"CocSperre": false,
	"PvSucheToProvVertr": {
		"__deferred": {
			"uri": "PvSucheSet(CacsBusitimeB=datetime'2021-05-18T06%3A54%3A06',Cacstechtime=datetime'2021-05-18T06%3A54%3A06',CtrtbuId='45038')/PvSucheToProvVertr"
		}
	}
}, {
	"__metadata": {
		"uri": "PvSucheSet(CacsBusitimeB=datetime'2021-05-18T06%3A55%3A24',Cacstechtime=datetime'2021-05-18T06%3A55%3A24',CtrtbuId='50021')",
		"type": "ZICM_STAMM_PROVVERTR_SRV.PvSuche"
	},
	"CacsBusitimeB": "/Date(1621320924000)/",
	"Cacstechtime": "/Date(1621320924000)/",
	"CtrtbuId": "50021",
	"Version": "000040",
	"CtrtstId": "WPV_AO",
	"CtrtbuBdate": "/Date(1149033600000)/",
	"CtrtbuEdate": "/Date(253402214400000)/",
	"IntTitle": "230",
	"CtrtstIdT": "WPV Ausschließlichkeits-Organisation",
	"DescriptSh": "BK/GA/GL-Agt mit erw. Vollm.",
	"NameGrp1": "Sluschny",
	"NameGrp2": "Stefan",
	"Bpext": "30615",
	"FlgStatus": "",
	"Zgebiet": "4",
	"Zgebiett": "Münster Münster",
	"Herkunft": "2",
	"Herkunftt": "WPV",
	"StcagrId": "",
	"CocSperre": false,
	"PvSucheToProvVertr": {
		"__deferred": {
			"uri": "PvSucheSet(CacsBusitimeB=datetime'2021-05-18T06%3A55%3A24',Cacstechtime=datetime'2021-05-18T06%3A55%3A24',CtrtbuId='50021')/PvSucheToProvVertr"
		}
	}
},{
	"__metadata": {
		"uri": "PvSucheSet(CacsBusitimeB=datetime'2021-05-18T06%3A55%3A24',Cacstechtime=datetime'2021-05-18T06%3A55%3A24',CtrtbuId='50022')",
		"type": "ZICM_STAMM_PROVVERTR_SRV.PvSuche"
	},
	"CacsBusitimeB": "/Date(1621320924000)/",
	"Cacstechtime": "/Date(1621320924000)/",
	"CtrtbuId": "50022",
	"Version": "000040",
	"CtrtstId": "WPV_AO",
	"CtrtbuBdate": "/Date(1149033600000)/",
	"CtrtbuEdate": "/Date(253402214400000)/",
	"IntTitle": "230",
	"CtrtstIdT": "WPV Ausschließlichkeits-Organisation",
	"DescriptSh": "BK/GA/GL-Agt mit erw. Vollm.",
	"NameGrp1": "Aktueller Vertrag",
	"NameGrp2": "Stefan",
	"Bpext": "30615",
	"FlgStatus": "",
	"Zgebiet": "4",
	"Zgebiett": "Münster Münster",
	"Herkunft": "2",
	"Herkunftt": "WPV",
	"StcagrId": "",
	"CocSperre": false,
	"PvSucheToProvVertr": {
		"__deferred": {
			"uri": "PvSucheSet(CacsBusitimeB=datetime'2021-05-18T06%3A55%3A24',Cacstechtime=datetime'2021-05-18T06%3A55%3A24',CtrtbuId='50022')/PvSucheToProvVertr"
		}
	}
},{
	"__metadata": {
		"uri": "PvSucheSet(CacsBusitimeB=datetime'2018-03-17T21%3A08%3A44',Cacstechtime=datetime'2018-03-17T21%3A08%3A44',CtrtbuId='50022')",
		"type": "ZICM_STAMM_PROVVERTR_SRV.PvSuche"
	},
	"CacsBusitimeB": "/Date(1521320924000)/",
	"Cacstechtime": "/Date(1521320924000)/",
	"CtrtbuId": "50022",
	"Version": "000040",
	"CtrtstId": "WPV_AO",
	"CtrtbuBdate": "/Date(1149033600000)/",
	"CtrtbuEdate": "/Date(253402214400000)/",
	"IntTitle": "230",
	"CtrtstIdT": "WPV Ausschließlichkeits-Organisation",
	"DescriptSh": "BK/GA/GL-Agt mit erw. Vollm.",
	"NameGrp1": "Vorheriger Vertrag",
	"NameGrp2": "Stefan",
	"Bpext": "30615",
	"FlgStatus": "",
	"Zgebiet": "4",
	"Zgebiett": "Münster Münster",
	"Herkunft": "2",
	"Herkunftt": "WPV",
	"StcagrId": "",
	"CocSperre": false,
	"PvSucheToProvVertr": {
		"__deferred": {
			"uri": "PvSucheSet(CacsBusitimeB=datetime'2018-03-17T21%3A08%3A44',Cacstechtime=datetime'2018-03-17T21%3A08%3A44',CtrtbuId='50022')/PvSucheToProvVertr"
		}
	}
}]