[{
	"__metadata": {
		"id": "ReferenzenSet(CtrtbuId='50021',CacsBusitimeB=datetime'2021-05-18T06%3A54%3A06',Cacstechtime=datetime'2021-05-18T06%3A54%3A06',CtrtbuId2='50020')",
		"uri": "ReferenzenSet(CtrtbuId='50021',CacsBusitimeB=datetime'2021-05-18T06%3A54%3A06',Cacstechtime=datetime'2021-05-18T06%3A54%3A06',CtrtbuId2='50020')",
		"type": "ZICM_STAMM_PROVVERTR_SRV.Referenzen"
	},
	"CtrtbuId": "50021",
	"CacsBusitimeB": "/Date(1621320924000)/",
	"Cacstechtime": "/Date(1621320924000)/",
	"CtrtbuId2": "50020",
	"CtrtbuBdate": "\/Date(1150416000000)\/",
	"Herkunft": "2",
	"Herkunftt": "WPV",
	"CtrtstId": "WPV_SK"
}]