[{
	"__metadata": {
		"id": "StdVertragSet('HFK_AO')",
		"uri": "StdVertragSet('HFK_AO')",
		"type": "ZICM_STAMM_PROVVERTR_SRV.StdVertrag"
	},
	"CtrtstId": "HFK_AO",
	"CtrtstIdT": "Hamburger Feuerkasse AO"
}, {
	"__metadata": {
		"id": "StdVertragSet('HFK_AO')",
		"uri": "StdVertragSet('HFK_AO')",
		"type": "ZICM_STAMM_PROVVERTR_SRV.StdVertrag"
	},
	"CtrtstId": "HFK_AO",
	"CtrtstIdT": "Hamburger Feuerkasse AO"
}, {
	"__metadata": {
		"id": "StdVertragSet('WPV_AO')",
		"uri": "StdVertragSet('WPV_AO')",
		"type": "ZICM_STAMM_PROVVERTR_SRV.StdVertrag"
	},
	"CtrtstId": "WPV_AO",
	"CtrtstIdT": "WPV Ausschließlichkeits-Organisation"
}, {
	"__metadata": {
		"id": "StdVertragSet('WPV_ID')",
		"uri": "StdVertragSet('WPV_ID')",
		"type": "ZICM_STAMM_PROVVERTR_SRV.StdVertrag"
	},
	"CtrtstId": "WPV_ID",
	"CtrtstIdT": "WPV Innendienst"
}, {
	"__metadata": {
		"id": "StdVertragSet('WPV_SK')",
		"uri": "StdVertragSet('WPV_SK')",
		"type": "ZICM_STAMM_PROVVERTR_SRV.StdVertrag"
	},
	"CtrtstId": "WPV_SK",
	"CtrtstIdT": "WPV Sparkassen"
}, {
	"__metadata": {
		"id": "StdVertragSet('HFK')",
		"uri": "StdVertragSet('HFK')",
		"type": "ZICM_STAMM_PROVVERTR_SRV.StdVertrag"
	},
	"CtrtstId": "HFK",
	"CtrtstIdT": "Hamburger Feuerkasse"
}, {
	"__metadata": {
		"id": "StdVertragSet('HFK_ID')",
		"uri": "StdVertragSet('HFK_ID')",
		"type": "ZICM_STAMM_PROVVERTR_SRV.StdVertrag"
	},
	"CtrtstId": "HFK_ID",
	"CtrtstIdT": "Innendienst-Mitarbeiter Hamburger Feuerkasse"
}, {
	"__metadata": {
		"id": "StdVertragSet('HFK_MAKLER')",
		"uri": "StdVertragSet('HFK_MAKLER')",
		"type": "ZICM_STAMM_PROVVERTR_SRV.StdVertrag"
	},
	"CtrtstId": "HFK_MAKLER",
	"CtrtstIdT": "Makler Hamburger Feuerkasse"
}, {
	"__metadata": {
		"id": "StdVertragSet('PN')",
		"uri": "StdVertragSet('PN')",
		"type": "ZICM_STAMM_PROVVERTR_SRV.StdVertrag"
	},
	"CtrtstId": "PN",
	"CtrtstIdT": "Provinzial Nord"
}, {
	"__metadata": {
		"id": "StdVertragSet('PNB_AO')",
		"uri": "StdVertragSet('PNB_AO')",
		"type": "ZICM_STAMM_PROVVERTR_SRV.StdVertrag"
	},
	"CtrtstId": "PNB_AO",
	"CtrtstIdT": "PNB Ausschließlichkeitsorganisation"
}, {
	"__metadata": {
		"id": "StdVertragSet('WPV_MAKLER')",
		"uri": "StdVertragSet('WPV_MAKLER')",
		"type": "ZICM_STAMM_PROVVERTR_SRV.StdVertrag"
	},
	"CtrtstId": "WPV_MAKLER",
	"CtrtstIdT": "Makler Westfälische Provinizal"
}, {
	"__metadata": {
		"id": "StdVertragSet('PN_ID')",
		"uri": "StdVertragSet('PN_ID')",
		"type": "ZICM_STAMM_PROVVERTR_SRV.StdVertrag"
	},
	"CtrtstId": "PN_ID",
	"CtrtstIdT": "Innendienst-Mitarbeiter Provinzial Nord"
}, {
	"__metadata": {
		"id": "StdVertragSet('PN_MAKLER')",
		"uri": "StdVertragSet('PN_MAKLER')",
		"type": "ZICM_STAMM_PROVVERTR_SRV.StdVertrag"
	},
	"CtrtstId": "PN_MAKLER",
	"CtrtstIdT": "Makler Provinzial Nord"
}, {
	"__metadata": {
		"id": "StdVertragSet('WP')",
		"uri": "StdVertragSet('WP')",
		"type": "ZICM_STAMM_PROVVERTR_SRV.StdVertrag"
	},
	"CtrtstId": "WP",
	"CtrtstIdT": "Westfälische Provinzial"
}, {
	"__metadata": {
		"id": "StdVertragSet('WP_ID')",
		"uri": "StdVertragSet('WP_ID')",
		"type": "ZICM_STAMM_PROVVERTR_SRV.StdVertrag"
	},
	"CtrtstId": "WP_ID",
	"CtrtstIdT": "Innendienst-Mitarbeiter Westfälische Provinzial"
}, {
	"__metadata": {
		"id": "StdVertragSet('WP_MAKLER')",
		"uri": "StdVertragSet('WP_MAKLER')",
		"type": "ZICM_STAMM_PROVVERTR_SRV.StdVertrag"
	},
	"CtrtstId": "WP_MAKLER",
	"CtrtstIdT": "Makler Westfälische Provinizal"
}, {
	"__metadata": {
		"id": "StdVertragSet('PNB_ID')",
		"uri": "StdVertragSet('PNB_ID')",
		"type": "ZICM_STAMM_PROVVERTR_SRV.StdVertrag"
	},
	"CtrtstId": "PNB_ID",
	"CtrtstIdT": "PNB Innendienst"
}, {
	"__metadata": {
		"id": "StdVertragSet('PNB_SK')",
		"uri": "StdVertragSet('PNB_SK')",
		"type": "ZICM_STAMM_PROVVERTR_SRV.StdVertrag"
	},
	"CtrtstId": "PNB_SK",
	"CtrtstIdT": "PNB Sparkasse"
}, {
	"__metadata": {
		"id": "StdVertragSet('PNB_SONS')",
		"uri": "StdVertragSet('PNB_SONS')",
		"type": "ZICM_STAMM_PROVVERTR_SRV.StdVertrag"
	},
	"CtrtstId": "PNB_SONS",
	"CtrtstIdT": "PNB sonstige"
}, {
	"__metadata": {
		"id": "StdVertragSet('WPV_SONS')",
		"uri": "StdVertragSet('WPV_SONS')",
		"type": "ZICM_STAMM_PROVVERTR_SRV.StdVertrag"
	},
	"CtrtstId": "WPV_SONS",
	"CtrtstIdT": "WPV sonstige"
}, {
	"__metadata": {
		"id": "StdVertragSet('HFK_SONS')",
		"uri": "StdVertragSet('HFK_SONS')",
		"type": "ZICM_STAMM_PROVVERTR_SRV.StdVertrag"
	},
	"CtrtstId": "HFK_SONS",
	"CtrtstIdT": "HFK sonstige Vermittler"
}, {
	"__metadata": {
		"id": "StdVertragSet('HFK_SK')",
		"uri": "StdVertragSet('HFK_SK')",
		"type": "ZICM_STAMM_PROVVERTR_SRV.StdVertrag"
	},
	"CtrtstId": "HFK_SK",
	"CtrtstIdT": "Hamburger Feuerkasse SK"
}, {
	"__metadata": {
		"id": "StdVertragSet('HFK_SK')",
		"uri": "StdVertragSet('HFK_SK')",
		"type": "ZICM_STAMM_PROVVERTR_SRV.StdVertrag"
	},
	"CtrtstId": "HFK_SK",
	"CtrtstIdT": "Hamburger Feuerkasse SK"
}, {
	"__metadata": {
		"id": "StdVertragSet('SZ_TEST')",
		"uri": "StdVertragSet('SZ_TEST')",
		"type": "ZICM_STAMM_PROVVERTR_SRV.StdVertrag"
	},
	"CtrtstId": "SZ_TEST",
	"CtrtstIdT": "Test Konditionen"
}, {
	"__metadata": {
		"id": "StdVertragSet('PNB_MAKLER')",
		"uri": "StdVertragSet('PNB_MAKLER')",
		"type": "ZICM_STAMM_PROVVERTR_SRV.StdVertrag"
	},
	"CtrtstId": "PNB_MAKLER",
	"CtrtstIdT": "PNB Makler"
}]