[{
	"__metadata": {
		"uri": "('01HFK_AO_W')",
		"type": "ZICM_STAMM_PROVVERTR_SRV.StdVereinbarungsNr"
	},
	"StcagrId": "01HFK_AO_W",
	"StcagrIdt": "HFK AO Kredit"
}, {
	"__metadata": {
		"uri": "('01HFK_MK_W')",
		"type": "ZICM_STAMM_PROVVERTR_SRV.StdVereinbarungsNr"
	},
	"StcagrId": "01HFK_MK_W",
	"StcagrIdt": "HFK Makler Kredit"
}, {
	"__metadata": {
		"uri": "('01PNB_AO_G')",
		"type": "ZICM_STAMM_PROVVERTR_SRV.StdVereinbarungsNr"
	},
	"StcagrId": "01PNB_AO_G",
	"StcagrIdt": "PNB AO Kaution"
}, {
	"__metadata": {
		"uri": "('01PNB_AO_L')",
		"type": "ZICM_STAMM_PROVVERTR_SRV.StdVereinbarungsNr"
	},
	"StcagrId": "01PNB_AO_L",
	"StcagrIdt": "PNB AO Leben"
}]