[{
	"__metadata": {
		"id": "StdVertLavvSet(BucagrId='%23%230000000005',BusiBegin=datetime'2021-05-18T06%3A55%3A24',TechBegin=datetime'2021-05-18T06%3A55%3A24',StcagrId='01WPV_AO_HAP')",
		"uri": "StdVertLavvSet(BucagrId='%23%230000000005',BusiBegin=datetime'2021-05-18T06%3A55%3A24',TechBegin=datetime'2021-05-18T06%3A55%3A24',StcagrId='01WPV_AO_HAP')",
		"type": "ZICM_STAMM_PROVVERTR_SRV.StdVertLavv"
	},
	"BucagrId": "##0000000005",
	"Version": "000001",
	"BusiEnd": "\/Date(253402214400000)\/",
	"CtrtbuId": "",
	"ZVerszweig": "H",
	"BusiBegin": "\/Date(1621320924000)\/",
	"TechBegin": "\/Date(1621320924000)\/",
	"AgrTyp": "01",
	"StcagrId": "01WPV_AO_HAP",
	"Bezeichnung": "WPV AO Haftpflicht AP/VP",
	"ToKondTab": {
		"__deferred": {
			"uri": "StdVertLavvSet(BucagrId='%23%230000000005',BusiBegin=datetime'2021-05-18T06%3A55%3A24',TechBegin=datetime'2021-05-18T06%3A55%3A24',StcagrId='01WPV_AO_HAP')/ToKondTab"
		}
	}
}, {
	"__metadata": {
		"id": "StdVertLavvSet(BucagrId='%23%230000000006',BusiBegin=datetime'2021-05-18T06%3A55%3A24',TechBegin=datetime'2021-05-18T06%3A55%3A24',StcagrId='01WPV_AO_HLP')",
		"uri": "StdVertLavvSet(BucagrId='%23%230000000006',BusiBegin=datetime'2021-05-18T06%3A55%3A24',TechBegin=datetime'2021-05-18T06%3A55%3A24',StcagrId='01WPV_AO_HLP')",
		"type": "ZICM_STAMM_PROVVERTR_SRV.StdVertLavv"
	},
	"BucagrId": "##0000000006",
	"Version": "000001",
	"BusiEnd": "\/Date(253402214400000)\/",
	"CtrtbuId": "",
	"ZVerszweig": "H",
	"BusiBegin": "\/Date(1621320924000)\/",
	"TechBegin": "\/Date(1621320924000)\/",
	"AgrTyp": "01",
	"StcagrId": "01WPV_AO_HLP",
	"Bezeichnung": "WPV AO Haftpflicht LP",
	"ToKondTab": {
		"__deferred": {
			"uri": "StdVertLavvSet(BucagrId='%23%230000000006',BusiBegin=datetime'2021-05-18T06%3A55%3A24',TechBegin=datetime'2021-05-18T06%3A55%3A24',StcagrId='01WPV_AO_HLP')/ToKondTab"
		}
	}
}, {
	"__metadata": {
		"id": "StdVertLavvSet(BucagrId='%23%230000000003',BusiBegin=datetime'2021-05-18T06%3A55%3A24',TechBegin=datetime'2021-05-18T06%3A55%3A24',StcagrId='01WPV_AO_K')",
		"uri": "StdVertLavvSet(BucagrId='%23%230000000003',BusiBegin=datetime'2021-05-18T06%3A55%3A24',TechBegin=datetime'2021-05-18T06%3A55%3A24',StcagrId='01WPV_AO_K')",
		"type": "ZICM_STAMM_PROVVERTR_SRV.StdVertLavv"
	},
	"BucagrId": "##0000000003",
	"Version": "000001",
	"BusiEnd": "\/Date(253402214400000)\/",
	"CtrtbuId": "",
	"ZVerszweig": "K",
	"BusiBegin": "\/Date(1621320846000)\/",
	"TechBegin": "\/Date(1621320846000)\/",
	"AgrTyp": "01",
	"StcagrId": "01WPV_AO_K",
	"Bezeichnung": "WPV AO KFZ",
	"ToKondTab": {
		"__deferred": {
			"uri": "StdVertLavvSet(BucagrId='%23%230000000003',BusiBegin=datetime'2021-05-18T06%3A55%3A24',TechBegin=datetime'2021-05-18T06%3A55%3A24',StcagrId='01WPV_AO_K')/ToKondTab"
		}
	}
}]