[{
	"__metadata": {
		"uri": "VermittlerartSet('960')",
		"type": "ZICM_STAMM_PROVVERTR_SRV.Vermittlerart"
	},
	"IntTitle": "960",
	"DescriptSh": "ALT - Bspk-MA (Koop)"
}, {
	"__metadata": {
		"uri": "VermittlerartSet('500')",
		"type": "ZICM_STAMM_PROVVERTR_SRV.Vermittlerart"
	},
	"IntTitle": "500",
	"DescriptSh": "ALT - Provinzial DK"
}, {
	"__metadata": {
		"uri": "VermittlerartSet('910')",
		"type": "ZICM_STAMM_PROVVERTR_SRV.Vermittlerart"
	},
	"IntTitle": "910",
	"DescriptSh": "ALT - SPK-MA (Koop)"
}]