[{
	"__metadata": {
		"id": "VermGruppenSet(CacsBusitimeB=datetime'2021-05-18T06%3A54%3A06',Cacstechtime=datetime'2021-05-18T06%3A54%3A06',ZVmgId='42',ZVmgNr='101',ZHerkunft='2',CtrtbuId='50021',ZHerkunftCtrtbu='2')",
		"uri": "VermGruppenSet(CacsBusitimeB=datetime'2021-05-18T06%3A54%3A06',Cacstechtime=datetime'2021-05-18T06%3A54%3A06',ZVmgId='42',ZVmgNr='101',ZHerkunft='2',CtrtbuId='50021',ZHerkunftCtrtbu='2')",
		"type": "ZICM_STAMM_PROVVERTR_SRV.VermGruppen"
	},
	"CacsBusitimeB": "/Date(1621320924000)/",
	"Cacstechtime": "/Date(1621320924000)/",
	"ZVmgId": "42",
	"ZVmgNr": "101",
	"ZHerkunft": "2",
	"CtrtbuId": "50021",
	"ZHerkunftCtrtbu": "2",
	"Version": "000001",
	"BusiBegin": "0000001012018000000",
	"BusiEnd": "0000031129999000000",
	"TechBegin": "0000006122018164607",
	"TechEnd": "0000031129999000000",
	"FlgCancelObj": "",
	"FlgCancelVers": "",
	"StatusVersion": "1",
	"StatusWork": "9",
	"ZFlgInaktiv": "",
	"ZVmgBes": "Vermittlerart 220, 230; bisher VKZ2=1, BKZ8=0\r",
	"ZVmgName": "Geschäftsstellen WPV"
}]