[{
	"Abrklassif": "Abrklassif 1",
	"__metadata": {
		"uri": "WhAbrechnungsartSet('Abrklassif%201')",
		"type": "ZICM_STAMM_PROVVERTR_SRV.WhAbrechnungsart"
	}
}, {
	"Abrklassif": "Abrklassif 2",
	"__metadata": {
		"uri": "WhAbrechnungsartSet('Abrklassif%202')",
		"type": "ZICM_STAMM_PROVVERTR_SRV.WhAbrechnungsart"
	}
}, {
	"Abrklassif": "Abrklassif 3",
	"__metadata": {
		"uri": "WhAbrechnungsartSet('Abrklassif%203')",
		"type": "ZICM_STAMM_PROVVERTR_SRV.WhAbrechnungsart"
	}
}, {
	"Abrklassif": "Abrklassif 4",
	"__metadata": {
		"uri": "WhAbrechnungsartSet('Abrklassif%204')",
		"type": "ZICM_STAMM_PROVVERTR_SRV.WhAbrechnungsart"
	}
}, {
	"Abrklassif": "Abrklassif 5",
	"__metadata": {
		"uri": "WhAbrechnungsartSet('Abrklassif%205')",
		"type": "ZICM_STAMM_PROVVERTR_SRV.WhAbrechnungsart"
	}
}, {
	"Abrklassif": "Abrklassif 6",
	"__metadata": {
		"uri": "WhAbrechnungsartSet('Abrklassif%206')",
		"type": "ZICM_STAMM_PROVVERTR_SRV.WhAbrechnungsart"
	}
}, {
	"Abrklassif": "Abrklassif 7",
	"__metadata": {
		"uri": "WhAbrechnungsartSet('Abrklassif%207')",
		"type": "ZICM_STAMM_PROVVERTR_SRV.WhAbrechnungsart"
	}
}, {
	"Abrklassif": "Abrklassif 8",
	"__metadata": {
		"uri": "WhAbrechnungsartSet('Abrklassif%208')",
		"type": "ZICM_STAMM_PROVVERTR_SRV.WhAbrechnungsart"
	}
}, {
	"Abrklassif": "Abrklassif 9",
	"__metadata": {
		"uri": "WhAbrechnungsartSet('Abrklassif%209')",
		"type": "ZICM_STAMM_PROVVERTR_SRV.WhAbrechnungsart"
	}
}, {
	"Abrklassif": "Abrklassif 10",
	"__metadata": {
		"uri": "WhAbrechnungsartSet('Abrklassif%2010')",
		"type": "ZICM_STAMM_PROVVERTR_SRV.WhAbrechnungsart"
	}
}]