[{
	"__metadata": {
		"id": "WhAenderungsgrundSet('001')",
		"uri": "WhAenderungsgrundSet('001')",
		"type": "ZICM_STAMM_PROVVERTR_SRV.WhAenderungsgrund"
	},
	"ChgReason": "001",
	"ChgReasont": "Allgemeine Vereinbarung wird geändert"
}, {
	"__metadata": {
		"id": "WhAenderungsgrundSet('002')",
		"uri": "WhAenderungsgrundSet('002')",
		"type": "ZICM_STAMM_PROVVERTR_SRV.WhAenderungsgrund"
	},
	"ChgReason": "002",
	"ChgReasont": "Leistungsabh. Vergütung wird geändert"
}, {
	"__metadata": {
		"id": "WhAenderungsgrundSet('003')",
		"uri": "WhAenderungsgrundSet('003')",
		"type": "ZICM_STAMM_PROVVERTR_SRV.WhAenderungsgrund"
	},
	"ChgReason": "003",
	"ChgReasont": "Pauschale Vergütung wird geändert"
}, {
	"__metadata": {
		"id": "WhAenderungsgrundSet('004')",
		"uri": "WhAenderungsgrundSet('004')",
		"type": "ZICM_STAMM_PROVVERTR_SRV.WhAenderungsgrund"
	},
	"ChgReason": "004",
	"ChgReasont": "Abrechnung/Zahlung wird geändert"
}, {
	"__metadata": {
		"id": "WhAenderungsgrundSet('005')",
		"uri": "WhAenderungsgrundSet('005')",
		"type": "ZICM_STAMM_PROVVERTR_SRV.WhAenderungsgrund"
	},
	"ChgReason": "005",
	"ChgReasont": "Garantievereinbarung wird geändert"
}, {
	"__metadata": {
		"id": "WhAenderungsgrundSet('006')",
		"uri": "WhAenderungsgrundSet('006')",
		"type": "ZICM_STAMM_PROVVERTR_SRV.WhAenderungsgrund"
	},
	"ChgReason": "006",
	"ChgReasont": "Kommunikationsvereinbarung wird geändert"
}, {
	"__metadata": {
		"id": "WhAenderungsgrundSet('007')",
		"uri": "WhAenderungsgrundSet('007')",
		"type": "ZICM_STAMM_PROVVERTR_SRV.WhAenderungsgrund"
	},
	"ChgReason": "007",
	"ChgReasont": "Falsche Eingaben werden behoben"
}, {
	"__metadata": {
		"id": "WhAenderungsgrundSet('008')",
		"uri": "WhAenderungsgrundSet('008')",
		"type": "ZICM_STAMM_PROVVERTR_SRV.WhAenderungsgrund"
	},
	"ChgReason": "008",
	"ChgReasont": "Kündigung durch Unternehmen"
}, {
	"__metadata": {
		"id": "WhAenderungsgrundSet('009')",
		"uri": "WhAenderungsgrundSet('009')",
		"type": "ZICM_STAMM_PROVVERTR_SRV.WhAenderungsgrund"
	},
	"ChgReason": "009",
	"ChgReasont": "Kündigung Provisionsvertragspartner"
}, {
	"__metadata": {
		"id": "WhAenderungsgrundSet('010')",
		"uri": "WhAenderungsgrundSet('010')",
		"type": "ZICM_STAMM_PROVVERTR_SRV.WhAenderungsgrund"
	},
	"ChgReason": "010",
	"ChgReasont": "Tod des Provisionsvertragspartners"
}, {
	"__metadata": {
		"id": "WhAenderungsgrundSet('011')",
		"uri": "WhAenderungsgrundSet('011')",
		"type": "ZICM_STAMM_PROVVERTR_SRV.WhAenderungsgrund"
	},
	"ChgReason": "011",
	"ChgReasont": "Vertrag wird verlängert"
}, {
	"__metadata": {
		"id": "WhAenderungsgrundSet('012')",
		"uri": "WhAenderungsgrundSet('012')",
		"type": "ZICM_STAMM_PROVVERTR_SRV.WhAenderungsgrund"
	},
	"ChgReason": "012",
	"ChgReasont": "Vertrag wird verkürzt"
}, {
	"__metadata": {
		"id": "WhAenderungsgrundSet('013')",
		"uri": "WhAenderungsgrundSet('013')",
		"type": "ZICM_STAMM_PROVVERTR_SRV.WhAenderungsgrund"
	},
	"ChgReason": "013",
	"ChgReasont": "Neuer Standardvertrag wird zugewiesen"
}, {
	"__metadata": {
		"id": "WhAenderungsgrundSet('PNW')",
		"uri": "WhAenderungsgrundSet('PNW')",
		"type": "ZICM_STAMM_PROVVERTR_SRV.WhAenderungsgrund"
	},
	"ChgReason": "PNW",
	"ChgReasont": "Änderung Vermittler"
}]