[{
	"ZAktualisierung": "ZAktualisierung 1",
	"ZAktualisierungt": "ZAktualisierungt 1",
	"__metadata": {
		"uri": "WhAktualisierungSet('ZAktualisierung%201')",
		"type": "ZICM_STAMM_PROVVERTR_SRV.WhAktualisierung"
	}
}, {
	"ZAktualisierung": "ZAktualisierung 2",
	"ZAktualisierungt": "ZAktualisierungt 2",
	"__metadata": {
		"uri": "WhAktualisierungSet('ZAktualisierung%202')",
		"type": "ZICM_STAMM_PROVVERTR_SRV.WhAktualisierung"
	}
}, {
	"ZAktualisierung": "ZAktualisierung 3",
	"ZAktualisierungt": "ZAktualisierungt 3",
	"__metadata": {
		"uri": "WhAktualisierungSet('ZAktualisierung%203')",
		"type": "ZICM_STAMM_PROVVERTR_SRV.WhAktualisierung"
	}
}, {
	"ZAktualisierung": "ZAktualisierung 4",
	"ZAktualisierungt": "ZAktualisierungt 4",
	"__metadata": {
		"uri": "WhAktualisierungSet('ZAktualisierung%204')",
		"type": "ZICM_STAMM_PROVVERTR_SRV.WhAktualisierung"
	}
}, {
	"ZAktualisierung": "ZAktualisierung 5",
	"ZAktualisierungt": "ZAktualisierungt 5",
	"__metadata": {
		"uri": "WhAktualisierungSet('ZAktualisierung%205')",
		"type": "ZICM_STAMM_PROVVERTR_SRV.WhAktualisierung"
	}
}, {
	"ZAktualisierung": "ZAktualisierung 6",
	"ZAktualisierungt": "ZAktualisierungt 6",
	"__metadata": {
		"uri": "WhAktualisierungSet('ZAktualisierung%206')",
		"type": "ZICM_STAMM_PROVVERTR_SRV.WhAktualisierung"
	}
}, {
	"ZAktualisierung": "ZAktualisierung 7",
	"ZAktualisierungt": "ZAktualisierungt 7",
	"__metadata": {
		"uri": "WhAktualisierungSet('ZAktualisierung%207')",
		"type": "ZICM_STAMM_PROVVERTR_SRV.WhAktualisierung"
	}
}, {
	"ZAktualisierung": "ZAktualisierung 8",
	"ZAktualisierungt": "ZAktualisierungt 8",
	"__metadata": {
		"uri": "WhAktualisierungSet('ZAktualisierung%208')",
		"type": "ZICM_STAMM_PROVVERTR_SRV.WhAktualisierung"
	}
}, {
	"ZAktualisierung": "ZAktualisierung 9",
	"ZAktualisierungt": "ZAktualisierungt 9",
	"__metadata": {
		"uri": "WhAktualisierungSet('ZAktualisierung%209')",
		"type": "ZICM_STAMM_PROVVERTR_SRV.WhAktualisierung"
	}
}, {
	"ZAktualisierung": "ZAktualisierung 10",
	"ZAktualisierungt": "ZAktualisierungt 10",
	"__metadata": {
		"uri": "WhAktualisierungSet('ZAktualisierung%2010')",
		"type": "ZICM_STAMM_PROVVERTR_SRV.WhAktualisierung"
	}
}]