[{
	"Bestandsbild": "Bestandsbild 1",
	"Bestandsbildt": "Bestandsbildt 1",
	"__metadata": {
		"uri": "WhBestandsbildSet('Bestandsbild%201')",
		"type": "ZICM_STAMM_PROVVERTR_SRV.WhBestandsbild"
	}
}, {
	"Bestandsbild": "Bestandsbild 2",
	"Bestandsbildt": "Bestandsbildt 2",
	"__metadata": {
		"uri": "WhBestandsbildSet('Bestandsbild%202')",
		"type": "ZICM_STAMM_PROVVERTR_SRV.WhBestandsbild"
	}
}, {
	"Bestandsbild": "Bestandsbild 3",
	"Bestandsbildt": "Bestandsbildt 3",
	"__metadata": {
		"uri": "WhBestandsbildSet('Bestandsbild%203')",
		"type": "ZICM_STAMM_PROVVERTR_SRV.WhBestandsbild"
	}
}, {
	"Bestandsbild": "Bestandsbild 4",
	"Bestandsbildt": "Bestandsbildt 4",
	"__metadata": {
		"uri": "WhBestandsbildSet('Bestandsbild%204')",
		"type": "ZICM_STAMM_PROVVERTR_SRV.WhBestandsbild"
	}
}, {
	"Bestandsbild": "Bestandsbild 5",
	"Bestandsbildt": "Bestandsbildt 5",
	"__metadata": {
		"uri": "WhBestandsbildSet('Bestandsbild%205')",
		"type": "ZICM_STAMM_PROVVERTR_SRV.WhBestandsbild"
	}
}, {
	"Bestandsbild": "Bestandsbild 6",
	"Bestandsbildt": "Bestandsbildt 6",
	"__metadata": {
		"uri": "WhBestandsbildSet('Bestandsbild%206')",
		"type": "ZICM_STAMM_PROVVERTR_SRV.WhBestandsbild"
	}
}, {
	"Bestandsbild": "Bestandsbild 7",
	"Bestandsbildt": "Bestandsbildt 7",
	"__metadata": {
		"uri": "WhBestandsbildSet('Bestandsbild%207')",
		"type": "ZICM_STAMM_PROVVERTR_SRV.WhBestandsbild"
	}
}, {
	"Bestandsbild": "Bestandsbild 8",
	"Bestandsbildt": "Bestandsbildt 8",
	"__metadata": {
		"uri": "WhBestandsbildSet('Bestandsbild%208')",
		"type": "ZICM_STAMM_PROVVERTR_SRV.WhBestandsbild"
	}
}, {
	"Bestandsbild": "Bestandsbild 9",
	"Bestandsbildt": "Bestandsbildt 9",
	"__metadata": {
		"uri": "WhBestandsbildSet('Bestandsbild%209')",
		"type": "ZICM_STAMM_PROVVERTR_SRV.WhBestandsbild"
	}
}, {
	"Bestandsbild": "Bestandsbild 10",
	"Bestandsbildt": "Bestandsbildt 10",
	"__metadata": {
		"uri": "WhBestandsbildSet('Bestandsbild%2010')",
		"type": "ZICM_STAMM_PROVVERTR_SRV.WhBestandsbild"
	}
}]