[{
	"Coprc": "Coprc 1",
	"Cotxt": "Cotxt 1",
	"__metadata": {
		"uri": "WhCoprcSet('Coprc%201')",
		"type": "ZICM_STAMM_PROVVERTR_SRV.WhCoprc"
	}
}, {
	"Coprc": "Coprc 2",
	"Cotxt": "Cotxt 2",
	"__metadata": {
		"uri": "WhCoprcSet('Coprc%202')",
		"type": "ZICM_STAMM_PROVVERTR_SRV.WhCoprc"
	}
}, {
	"Coprc": "Coprc 3",
	"Cotxt": "Cotxt 3",
	"__metadata": {
		"uri": "WhCoprcSet('Coprc%203')",
		"type": "ZICM_STAMM_PROVVERTR_SRV.WhCoprc"
	}
}, {
	"Coprc": "Coprc 4",
	"Cotxt": "Cotxt 4",
	"__metadata": {
		"uri": "WhCoprcSet('Coprc%204')",
		"type": "ZICM_STAMM_PROVVERTR_SRV.WhCoprc"
	}
}, {
	"Coprc": "Coprc 5",
	"Cotxt": "Cotxt 5",
	"__metadata": {
		"uri": "WhCoprcSet('Coprc%205')",
		"type": "ZICM_STAMM_PROVVERTR_SRV.WhCoprc"
	}
}, {
	"Coprc": "Coprc 6",
	"Cotxt": "Cotxt 6",
	"__metadata": {
		"uri": "WhCoprcSet('Coprc%206')",
		"type": "ZICM_STAMM_PROVVERTR_SRV.WhCoprc"
	}
}, {
	"Coprc": "Coprc 7",
	"Cotxt": "Cotxt 7",
	"__metadata": {
		"uri": "WhCoprcSet('Coprc%207')",
		"type": "ZICM_STAMM_PROVVERTR_SRV.WhCoprc"
	}
}, {
	"Coprc": "Coprc 8",
	"Cotxt": "Cotxt 8",
	"__metadata": {
		"uri": "WhCoprcSet('Coprc%208')",
		"type": "ZICM_STAMM_PROVVERTR_SRV.WhCoprc"
	}
}, {
	"Coprc": "Coprc 9",
	"Cotxt": "Cotxt 9",
	"__metadata": {
		"uri": "WhCoprcSet('Coprc%209')",
		"type": "ZICM_STAMM_PROVVERTR_SRV.WhCoprc"
	}
}, {
	"Coprc": "Coprc 10",
	"Cotxt": "Cotxt 10",
	"__metadata": {
		"uri": "WhCoprcSet('Coprc%2010')",
		"type": "ZICM_STAMM_PROVVERTR_SRV.WhCoprc"
	}
}]