[{
	"__metadata": {
		"uri": "WhGebietSet('0')",
		"type": "ZICM_STAMM_PROVVERTR_SRV.WhGebiet"
	},
	"ZGebiet": "0",
	"Zgebiett": "kein Text"
}, {
	"__metadata": {
		"uri": "WhGebietSet('1')",
		"type": "ZICM_STAMM_PROVVERTR_SRV.WhGebiet"
	},
	"ZGebiet": "1",
	"Zgebiett": "Schl.-Holst. Schleswig-Holstein"
}, {
	"__metadata": {
		"uri": "WhGebietSet('2')",
		"type": "ZICM_STAMM_PROVVERTR_SRV.WhGebiet"
	},
	"ZGebiet": "2",
	"Zgebiett": "Hamburg Hamburg"
}, {
	"__metadata": {
		"uri": "WhGebietSet('3')",
		"type": "ZICM_STAMM_PROVVERTR_SRV.WhGebiet"
	},
	"ZGebiet": "3",
	"Zgebiett": "Meckl.-Vorp. Mecklenburg-Vorpommern"
}, {
	"__metadata": {
		"uri": "WhGebietSet('4')",
		"type": "ZICM_STAMM_PROVVERTR_SRV.WhGebiet"
	},
	"ZGebiet": "4",
	"Zgebiett": "Münster Münster"
}]