[{
	"KzDeckung": "KzDeckung 1",
	"KzDeckungt": "KzDeckungt 1",
	"__metadata": {
		"uri": "WhKzDeckungSet('KzDeckung%201')",
		"type": "ZICM_STAMM_PROVVERTR_SRV.WhKzDeckung"
	}
}, {
	"KzDeckung": "KzDeckung 2",
	"KzDeckungt": "KzDeckungt 2",
	"__metadata": {
		"uri": "WhKzDeckungSet('KzDeckung%202')",
		"type": "ZICM_STAMM_PROVVERTR_SRV.WhKzDeckung"
	}
}, {
	"KzDeckung": "KzDeckung 3",
	"KzDeckungt": "KzDeckungt 3",
	"__metadata": {
		"uri": "WhKzDeckungSet('KzDeckung%203')",
		"type": "ZICM_STAMM_PROVVERTR_SRV.WhKzDeckung"
	}
}, {
	"KzDeckung": "KzDeckung 4",
	"KzDeckungt": "KzDeckungt 4",
	"__metadata": {
		"uri": "WhKzDeckungSet('KzDeckung%204')",
		"type": "ZICM_STAMM_PROVVERTR_SRV.WhKzDeckung"
	}
}, {
	"KzDeckung": "KzDeckung 5",
	"KzDeckungt": "KzDeckungt 5",
	"__metadata": {
		"uri": "WhKzDeckungSet('KzDeckung%205')",
		"type": "ZICM_STAMM_PROVVERTR_SRV.WhKzDeckung"
	}
}, {
	"KzDeckung": "KzDeckung 6",
	"KzDeckungt": "KzDeckungt 6",
	"__metadata": {
		"uri": "WhKzDeckungSet('KzDeckung%206')",
		"type": "ZICM_STAMM_PROVVERTR_SRV.WhKzDeckung"
	}
}, {
	"KzDeckung": "KzDeckung 7",
	"KzDeckungt": "KzDeckungt 7",
	"__metadata": {
		"uri": "WhKzDeckungSet('KzDeckung%207')",
		"type": "ZICM_STAMM_PROVVERTR_SRV.WhKzDeckung"
	}
}, {
	"KzDeckung": "KzDeckung 8",
	"KzDeckungt": "KzDeckungt 8",
	"__metadata": {
		"uri": "WhKzDeckungSet('KzDeckung%208')",
		"type": "ZICM_STAMM_PROVVERTR_SRV.WhKzDeckung"
	}
}, {
	"KzDeckung": "KzDeckung 9",
	"KzDeckungt": "KzDeckungt 9",
	"__metadata": {
		"uri": "WhKzDeckungSet('KzDeckung%209')",
		"type": "ZICM_STAMM_PROVVERTR_SRV.WhKzDeckung"
	}
}, {
	"KzDeckung": "KzDeckung 10",
	"KzDeckungt": "KzDeckungt 10",
	"__metadata": {
		"uri": "WhKzDeckungSet('KzDeckung%2010')",
		"type": "ZICM_STAMM_PROVVERTR_SRV.WhKzDeckung"
	}
}]