[{
	"Lvrsid": "Lvrsid 1",
	"Lvrsidt": "Lvrsidt 1",
	"__metadata": {
		"uri": "WhLvrsidSet('Lvrsid%201')",
		"type": "ZICM_STAMM_PROVVERTR_SRV.WhLvrsid"
	}
}, {
	"Lvrsid": "Lvrsid 2",
	"Lvrsidt": "Lvrsidt 2",
	"__metadata": {
		"uri": "WhLvrsidSet('Lvrsid%202')",
		"type": "ZICM_STAMM_PROVVERTR_SRV.WhLvrsid"
	}
}, {
	"Lvrsid": "Lvrsid 3",
	"Lvrsidt": "Lvrsidt 3",
	"__metadata": {
		"uri": "WhLvrsidSet('Lvrsid%203')",
		"type": "ZICM_STAMM_PROVVERTR_SRV.WhLvrsid"
	}
}, {
	"Lvrsid": "Lvrsid 4",
	"Lvrsidt": "Lvrsidt 4",
	"__metadata": {
		"uri": "WhLvrsidSet('Lvrsid%204')",
		"type": "ZICM_STAMM_PROVVERTR_SRV.WhLvrsid"
	}
}, {
	"Lvrsid": "Lvrsid 5",
	"Lvrsidt": "Lvrsidt 5",
	"__metadata": {
		"uri": "WhLvrsidSet('Lvrsid%205')",
		"type": "ZICM_STAMM_PROVVERTR_SRV.WhLvrsid"
	}
}, {
	"Lvrsid": "Lvrsid 6",
	"Lvrsidt": "Lvrsidt 6",
	"__metadata": {
		"uri": "WhLvrsidSet('Lvrsid%206')",
		"type": "ZICM_STAMM_PROVVERTR_SRV.WhLvrsid"
	}
}, {
	"Lvrsid": "Lvrsid 7",
	"Lvrsidt": "Lvrsidt 7",
	"__metadata": {
		"uri": "WhLvrsidSet('Lvrsid%207')",
		"type": "ZICM_STAMM_PROVVERTR_SRV.WhLvrsid"
	}
}, {
	"Lvrsid": "Lvrsid 8",
	"Lvrsidt": "Lvrsidt 8",
	"__metadata": {
		"uri": "WhLvrsidSet('Lvrsid%208')",
		"type": "ZICM_STAMM_PROVVERTR_SRV.WhLvrsid"
	}
}, {
	"Lvrsid": "Lvrsid 9",
	"Lvrsidt": "Lvrsidt 9",
	"__metadata": {
		"uri": "WhLvrsidSet('Lvrsid%209')",
		"type": "ZICM_STAMM_PROVVERTR_SRV.WhLvrsid"
	}
}, {
	"Lvrsid": "Lvrsid 10",
	"Lvrsidt": "Lvrsidt 10",
	"__metadata": {
		"uri": "WhLvrsidSet('Lvrsid%2010')",
		"type": "ZICM_STAMM_PROVVERTR_SRV.WhLvrsid"
	}
}]