[{
	"ZMarkenauftritt": "ZMarkenauftritt 1",
	"ZMarkenauftrittt": "ZMarkenauftrittt 1",
	"__metadata": {
		"uri": "WhMarkenauftrittSet('ZMarkenauftritt%201')",
		"type": "ZICM_STAMM_PROVVERTR_SRV.WhMarkenauftritt"
	}
}, {
	"ZMarkenauftritt": "ZMarkenauftritt 2",
	"ZMarkenauftrittt": "ZMarkenauftrittt 2",
	"__metadata": {
		"uri": "WhMarkenauftrittSet('ZMarkenauftritt%202')",
		"type": "ZICM_STAMM_PROVVERTR_SRV.WhMarkenauftritt"
	}
}, {
	"ZMarkenauftritt": "ZMarkenauftritt 3",
	"ZMarkenauftrittt": "ZMarkenauftrittt 3",
	"__metadata": {
		"uri": "WhMarkenauftrittSet('ZMarkenauftritt%203')",
		"type": "ZICM_STAMM_PROVVERTR_SRV.WhMarkenauftritt"
	}
}, {
	"ZMarkenauftritt": "ZMarkenauftritt 4",
	"ZMarkenauftrittt": "ZMarkenauftrittt 4",
	"__metadata": {
		"uri": "WhMarkenauftrittSet('ZMarkenauftritt%204')",
		"type": "ZICM_STAMM_PROVVERTR_SRV.WhMarkenauftritt"
	}
}, {
	"ZMarkenauftritt": "ZMarkenauftritt 5",
	"ZMarkenauftrittt": "ZMarkenauftrittt 5",
	"__metadata": {
		"uri": "WhMarkenauftrittSet('ZMarkenauftritt%205')",
		"type": "ZICM_STAMM_PROVVERTR_SRV.WhMarkenauftritt"
	}
}, {
	"ZMarkenauftritt": "ZMarkenauftritt 6",
	"ZMarkenauftrittt": "ZMarkenauftrittt 6",
	"__metadata": {
		"uri": "WhMarkenauftrittSet('ZMarkenauftritt%206')",
		"type": "ZICM_STAMM_PROVVERTR_SRV.WhMarkenauftritt"
	}
}, {
	"ZMarkenauftritt": "ZMarkenauftritt 7",
	"ZMarkenauftrittt": "ZMarkenauftrittt 7",
	"__metadata": {
		"uri": "WhMarkenauftrittSet('ZMarkenauftritt%207')",
		"type": "ZICM_STAMM_PROVVERTR_SRV.WhMarkenauftritt"
	}
}, {
	"ZMarkenauftritt": "ZMarkenauftritt 8",
	"ZMarkenauftrittt": "ZMarkenauftrittt 8",
	"__metadata": {
		"uri": "WhMarkenauftrittSet('ZMarkenauftritt%208')",
		"type": "ZICM_STAMM_PROVVERTR_SRV.WhMarkenauftritt"
	}
}, {
	"ZMarkenauftritt": "ZMarkenauftritt 9",
	"ZMarkenauftrittt": "ZMarkenauftrittt 9",
	"__metadata": {
		"uri": "WhMarkenauftrittSet('ZMarkenauftritt%209')",
		"type": "ZICM_STAMM_PROVVERTR_SRV.WhMarkenauftritt"
	}
}, {
	"ZMarkenauftritt": "ZMarkenauftritt 10",
	"ZMarkenauftrittt": "ZMarkenauftrittt 10",
	"__metadata": {
		"uri": "WhMarkenauftrittSet('ZMarkenauftritt%2010')",
		"type": "ZICM_STAMM_PROVVERTR_SRV.WhMarkenauftritt"
	}
}]