[{
	"Sofo": "Sofo 1",
	"Sofot": "Sofot 1",
	"__metadata": {
		"uri": "WhSofoSet('Sofo%201')",
		"type": "ZICM_STAMM_PROVVERTR_SRV.WhSofo"
	}
}, {
	"Sofo": "Sofo 2",
	"Sofot": "Sofot 2",
	"__metadata": {
		"uri": "WhSofoSet('Sofo%202')",
		"type": "ZICM_STAMM_PROVVERTR_SRV.WhSofo"
	}
}, {
	"Sofo": "Sofo 3",
	"Sofot": "Sofot 3",
	"__metadata": {
		"uri": "WhSofoSet('Sofo%203')",
		"type": "ZICM_STAMM_PROVVERTR_SRV.WhSofo"
	}
}, {
	"Sofo": "Sofo 4",
	"Sofot": "Sofot 4",
	"__metadata": {
		"uri": "WhSofoSet('Sofo%204')",
		"type": "ZICM_STAMM_PROVVERTR_SRV.WhSofo"
	}
}, {
	"Sofo": "Sofo 5",
	"Sofot": "Sofot 5",
	"__metadata": {
		"uri": "WhSofoSet('Sofo%205')",
		"type": "ZICM_STAMM_PROVVERTR_SRV.WhSofo"
	}
}, {
	"Sofo": "Sofo 6",
	"Sofot": "Sofot 6",
	"__metadata": {
		"uri": "WhSofoSet('Sofo%206')",
		"type": "ZICM_STAMM_PROVVERTR_SRV.WhSofo"
	}
}, {
	"Sofo": "Sofo 7",
	"Sofot": "Sofot 7",
	"__metadata": {
		"uri": "WhSofoSet('Sofo%207')",
		"type": "ZICM_STAMM_PROVVERTR_SRV.WhSofo"
	}
}, {
	"Sofo": "Sofo 8",
	"Sofot": "Sofot 8",
	"__metadata": {
		"uri": "WhSofoSet('Sofo%208')",
		"type": "ZICM_STAMM_PROVVERTR_SRV.WhSofo"
	}
}, {
	"Sofo": "Sofo 9",
	"Sofot": "Sofot 9",
	"__metadata": {
		"uri": "WhSofoSet('Sofo%209')",
		"type": "ZICM_STAMM_PROVVERTR_SRV.WhSofo"
	}
}, {
	"Sofo": "Sofo 10",
	"Sofot": "Sofot 10",
	"__metadata": {
		"uri": "WhSofoSet('Sofo%2010')",
		"type": "ZICM_STAMM_PROVVERTR_SRV.WhSofo"
	}
}]