[{
	"Statusvertr": "Statusvertr 1",
	"Statusvertrt": "Statusvertrt 1",
	"__metadata": {
		"uri": "WhStatusvertrSet('Statusvertr%201')",
		"type": "ZICM_STAMM_PROVVERTR_SRV.WhStatusvertr"
	}
}, {
	"Statusvertr": "Statusvertr 2",
	"Statusvertrt": "Statusvertrt 2",
	"__metadata": {
		"uri": "WhStatusvertrSet('Statusvertr%202')",
		"type": "ZICM_STAMM_PROVVERTR_SRV.WhStatusvertr"
	}
}, {
	"Statusvertr": "Statusvertr 3",
	"Statusvertrt": "Statusvertrt 3",
	"__metadata": {
		"uri": "WhStatusvertrSet('Statusvertr%203')",
		"type": "ZICM_STAMM_PROVVERTR_SRV.WhStatusvertr"
	}
}, {
	"Statusvertr": "Statusvertr 4",
	"Statusvertrt": "Statusvertrt 4",
	"__metadata": {
		"uri": "WhStatusvertrSet('Statusvertr%204')",
		"type": "ZICM_STAMM_PROVVERTR_SRV.WhStatusvertr"
	}
}, {
	"Statusvertr": "Statusvertr 5",
	"Statusvertrt": "Statusvertrt 5",
	"__metadata": {
		"uri": "WhStatusvertrSet('Statusvertr%205')",
		"type": "ZICM_STAMM_PROVVERTR_SRV.WhStatusvertr"
	}
}, {
	"Statusvertr": "Statusvertr 6",
	"Statusvertrt": "Statusvertrt 6",
	"__metadata": {
		"uri": "WhStatusvertrSet('Statusvertr%206')",
		"type": "ZICM_STAMM_PROVVERTR_SRV.WhStatusvertr"
	}
}, {
	"Statusvertr": "Statusvertr 7",
	"Statusvertrt": "Statusvertrt 7",
	"__metadata": {
		"uri": "WhStatusvertrSet('Statusvertr%207')",
		"type": "ZICM_STAMM_PROVVERTR_SRV.WhStatusvertr"
	}
}, {
	"Statusvertr": "Statusvertr 8",
	"Statusvertrt": "Statusvertrt 8",
	"__metadata": {
		"uri": "WhStatusvertrSet('Statusvertr%208')",
		"type": "ZICM_STAMM_PROVVERTR_SRV.WhStatusvertr"
	}
}, {
	"Statusvertr": "Statusvertr 9",
	"Statusvertrt": "Statusvertrt 9",
	"__metadata": {
		"uri": "WhStatusvertrSet('Statusvertr%209')",
		"type": "ZICM_STAMM_PROVVERTR_SRV.WhStatusvertr"
	}
}, {
	"Statusvertr": "Statusvertr 10",
	"Statusvertrt": "Statusvertrt 10",
	"__metadata": {
		"uri": "WhStatusvertrSet('Statusvertr%2010')",
		"type": "ZICM_STAMM_PROVVERTR_SRV.WhStatusvertr"
	}
}]