[{
	"Vertyp": "Vertyp 1",
	"Vertypt": "Vertypt 1",
	"__metadata": {
		"uri": "WhVertypSet('Vertyp%201')",
		"type": "ZICM_STAMM_PROVVERTR_SRV.WhVertyp"
	}
}, {
	"Vertyp": "Vertyp 2",
	"Vertypt": "Vertypt 2",
	"__metadata": {
		"uri": "WhVertypSet('Vertyp%202')",
		"type": "ZICM_STAMM_PROVVERTR_SRV.WhVertyp"
	}
}, {
	"Vertyp": "Vertyp 3",
	"Vertypt": "Vertypt 3",
	"__metadata": {
		"uri": "WhVertypSet('Vertyp%203')",
		"type": "ZICM_STAMM_PROVVERTR_SRV.WhVertyp"
	}
}, {
	"Vertyp": "Vertyp 4",
	"Vertypt": "Vertypt 4",
	"__metadata": {
		"uri": "WhVertypSet('Vertyp%204')",
		"type": "ZICM_STAMM_PROVVERTR_SRV.WhVertyp"
	}
}, {
	"Vertyp": "Vertyp 5",
	"Vertypt": "Vertypt 5",
	"__metadata": {
		"uri": "WhVertypSet('Vertyp%205')",
		"type": "ZICM_STAMM_PROVVERTR_SRV.WhVertyp"
	}
}, {
	"Vertyp": "Vertyp 6",
	"Vertypt": "Vertypt 6",
	"__metadata": {
		"uri": "WhVertypSet('Vertyp%206')",
		"type": "ZICM_STAMM_PROVVERTR_SRV.WhVertyp"
	}
}, {
	"Vertyp": "Vertyp 7",
	"Vertypt": "Vertypt 7",
	"__metadata": {
		"uri": "WhVertypSet('Vertyp%207')",
		"type": "ZICM_STAMM_PROVVERTR_SRV.WhVertyp"
	}
}, {
	"Vertyp": "Vertyp 8",
	"Vertypt": "Vertypt 8",
	"__metadata": {
		"uri": "WhVertypSet('Vertyp%208')",
		"type": "ZICM_STAMM_PROVVERTR_SRV.WhVertyp"
	}
}, {
	"Vertyp": "Vertyp 9",
	"Vertypt": "Vertypt 9",
	"__metadata": {
		"uri": "WhVertypSet('Vertyp%209')",
		"type": "ZICM_STAMM_PROVVERTR_SRV.WhVertyp"
	}
}, {
	"Vertyp": "Vertyp 10",
	"Vertypt": "Vertypt 10",
	"__metadata": {
		"uri": "WhVertypSet('Vertyp%2010')",
		"type": "ZICM_STAMM_PROVVERTR_SRV.WhVertyp"
	}
}]