[{
	"ZVertragsmodell": "ZVertragsmodell 1",
	"ZVertragsmodellt": "ZVertragsmodellt 1",
	"__metadata": {
		"uri": "WhVertragsmodellSet('ZVertragsmodell%201')",
		"type": "ZICM_STAMM_PROVVERTR_SRV.WhVertragsmodell"
	}
}, {
	"ZVertragsmodell": "ZVertragsmodell 2",
	"ZVertragsmodellt": "ZVertragsmodellt 2",
	"__metadata": {
		"uri": "WhVertragsmodellSet('ZVertragsmodell%202')",
		"type": "ZICM_STAMM_PROVVERTR_SRV.WhVertragsmodell"
	}
}, {
	"ZVertragsmodell": "ZVertragsmodell 3",
	"ZVertragsmodellt": "ZVertragsmodellt 3",
	"__metadata": {
		"uri": "WhVertragsmodellSet('ZVertragsmodell%203')",
		"type": "ZICM_STAMM_PROVVERTR_SRV.WhVertragsmodell"
	}
}, {
	"ZVertragsmodell": "ZVertragsmodell 4",
	"ZVertragsmodellt": "ZVertragsmodellt 4",
	"__metadata": {
		"uri": "WhVertragsmodellSet('ZVertragsmodell%204')",
		"type": "ZICM_STAMM_PROVVERTR_SRV.WhVertragsmodell"
	}
}, {
	"ZVertragsmodell": "ZVertragsmodell 5",
	"ZVertragsmodellt": "ZVertragsmodellt 5",
	"__metadata": {
		"uri": "WhVertragsmodellSet('ZVertragsmodell%205')",
		"type": "ZICM_STAMM_PROVVERTR_SRV.WhVertragsmodell"
	}
}, {
	"ZVertragsmodell": "ZVertragsmodell 6",
	"ZVertragsmodellt": "ZVertragsmodellt 6",
	"__metadata": {
		"uri": "WhVertragsmodellSet('ZVertragsmodell%206')",
		"type": "ZICM_STAMM_PROVVERTR_SRV.WhVertragsmodell"
	}
}, {
	"ZVertragsmodell": "ZVertragsmodell 7",
	"ZVertragsmodellt": "ZVertragsmodellt 7",
	"__metadata": {
		"uri": "WhVertragsmodellSet('ZVertragsmodell%207')",
		"type": "ZICM_STAMM_PROVVERTR_SRV.WhVertragsmodell"
	}
}, {
	"ZVertragsmodell": "ZVertragsmodell 8",
	"ZVertragsmodellt": "ZVertragsmodellt 8",
	"__metadata": {
		"uri": "WhVertragsmodellSet('ZVertragsmodell%208')",
		"type": "ZICM_STAMM_PROVVERTR_SRV.WhVertragsmodell"
	}
}, {
	"ZVertragsmodell": "ZVertragsmodell 9",
	"ZVertragsmodellt": "ZVertragsmodellt 9",
	"__metadata": {
		"uri": "WhVertragsmodellSet('ZVertragsmodell%209')",
		"type": "ZICM_STAMM_PROVVERTR_SRV.WhVertragsmodell"
	}
}, {
	"ZVertragsmodell": "ZVertragsmodell 10",
	"ZVertragsmodellt": "ZVertragsmodellt 10",
	"__metadata": {
		"uri": "WhVertragsmodellSet('ZVertragsmodell%2010')",
		"type": "ZICM_STAMM_PROVVERTR_SRV.WhVertragsmodell"
	}
}]