[{
	"ZVermvertMit": "ZVermvertMit 1",
	"ZVermvertMitt": "ZVermvertMitt 1",
	"__metadata": {
		"uri": "WhVermvertMitSet('ZVermvertMit%201')",
		"type": "ZICM_STAMM_PROVVERTR_SRV.WhVermvertMit"
	}
}, {
	"ZVermvertMit": "ZVermvertMit 2",
	"ZVermvertMitt": "ZVermvertMitt 2",
	"__metadata": {
		"uri": "WhVermvertMitSet('ZVermvertMit%202')",
		"type": "ZICM_STAMM_PROVVERTR_SRV.WhVermvertMit"
	}
}, {
	"ZVermvertMit": "ZVermvertMit 3",
	"ZVermvertMitt": "ZVermvertMitt 3",
	"__metadata": {
		"uri": "WhVermvertMitSet('ZVermvertMit%203')",
		"type": "ZICM_STAMM_PROVVERTR_SRV.WhVermvertMit"
	}
}, {
	"ZVermvertMit": "ZVermvertMit 4",
	"ZVermvertMitt": "ZVermvertMitt 4",
	"__metadata": {
		"uri": "WhVermvertMitSet('ZVermvertMit%204')",
		"type": "ZICM_STAMM_PROVVERTR_SRV.WhVermvertMit"
	}
}, {
	"ZVermvertMit": "ZVermvertMit 5",
	"ZVermvertMitt": "ZVermvertMitt 5",
	"__metadata": {
		"uri": "WhVermvertMitSet('ZVermvertMit%205')",
		"type": "ZICM_STAMM_PROVVERTR_SRV.WhVermvertMit"
	}
}, {
	"ZVermvertMit": "ZVermvertMit 6",
	"ZVermvertMitt": "ZVermvertMitt 6",
	"__metadata": {
		"uri": "WhVermvertMitSet('ZVermvertMit%206')",
		"type": "ZICM_STAMM_PROVVERTR_SRV.WhVermvertMit"
	}
}, {
	"ZVermvertMit": "ZVermvertMit 7",
	"ZVermvertMitt": "ZVermvertMitt 7",
	"__metadata": {
		"uri": "WhVermvertMitSet('ZVermvertMit%207')",
		"type": "ZICM_STAMM_PROVVERTR_SRV.WhVermvertMit"
	}
}, {
	"ZVermvertMit": "ZVermvertMit 8",
	"ZVermvertMitt": "ZVermvertMitt 8",
	"__metadata": {
		"uri": "WhVermvertMitSet('ZVermvertMit%208')",
		"type": "ZICM_STAMM_PROVVERTR_SRV.WhVermvertMit"
	}
}, {
	"ZVermvertMit": "ZVermvertMit 9",
	"ZVermvertMitt": "ZVermvertMitt 9",
	"__metadata": {
		"uri": "WhVermvertMitSet('ZVermvertMit%209')",
		"type": "ZICM_STAMM_PROVVERTR_SRV.WhVermvertMit"
	}
}, {
	"ZVermvertMit": "ZVermvertMit 10",
	"ZVermvertMitt": "ZVermvertMitt 10",
	"__metadata": {
		"uri": "WhVermvertMitSet('ZVermvertMit%2010')",
		"type": "ZICM_STAMM_PROVVERTR_SRV.WhVermvertMit"
	}
}]