[{
	"__metadata": {
		"id": "WpvKondSet(CacsBusitimeB=datetime'2021-05-18T06%3A54%3A06',Cacstechtime=datetime'2021-05-18T06%3A54%3A06',CtrtbuId='50021',Sparte='',Verguetungsart='AP',Art='6')",
		"uri": "WpvKondSet(CacsBusitimeB=datetime'2021-05-18T06%3A54%3A06',Cacstechtime=datetime'2021-05-18T06%3A54%3A06',CtrtbuId='50021',Sparte='',Verguetungsart='AP',Art='6')",
		"type": "ZICM_STAMM_PROVVERTR_SRV.WpvKond"
	},
	"CacsBusitimeB": "/Date(1621320924000)/",
	"Cacstechtime": "/Date(1621320924000)/",
	"CtrtbuId": "50021",
	"Version": "000040",
	"Sparte": "",
	"Verguetungsart": "AP",
	"Art": "6",
	"Artt": "AP Haft 6",
	"Verguetungssatz": "",
	"Einheit": "",
	"BusiBegin": "0000007072020000000",
	"BusiEnd": "0000031129999000000",
	"TechBegin": "0000029102020130910",
	"TechEnd": "0000031129999000000",
	"FlgCancelObj": "",
	"FlgCancelVers": "",
	"StatusVersion": "",
	"StatusWork": ""
}, {
	"__metadata": {
		"id": "WpvKondSet(CacsBusitimeB=datetime'2021-05-18T06%3A54%3A06',Cacstechtime=datetime'2021-05-18T06%3A54%3A06',CtrtbuId='50021',Sparte='',Verguetungsart='AP',Art='4')",
		"uri": "WpvKondSet(CacsBusitimeB=datetime'2021-05-18T06%3A54%3A06',Cacstechtime=datetime'2021-05-18T06%3A54%3A06',CtrtbuId='50021',Sparte='',Verguetungsart='AP',Art='4')",
		"type": "ZICM_STAMM_PROVVERTR_SRV.WpvKond"
	},
	"CacsBusitimeB": "/Date(1621320924000)/",
	"Cacstechtime": "/Date(1621320924000)/",
	"CtrtbuId": "50021",
	"Version": "000003",
	"Sparte": "",
	"Verguetungsart": "AP",
	"Art": "4",
	"Artt": "Begrenzungssatz Leben",
	"Verguetungssatz": "5",
	"Einheit": "100",
	"BusiBegin": "0000007072020000000",
	"BusiEnd": "0000031129999000000",
	"TechBegin": "0000001011900000000",
	"TechEnd": "0000031129999000000",
	"FlgCancelObj": "",
	"FlgCancelVers": "",
	"StatusVersion": "",
	"StatusWork": ""
}, {
	"__metadata": {
		"id": "WpvKondSet(CacsBusitimeB=datetime'2021-05-18T06%3A54%3A06',Cacstechtime=datetime'2021-05-18T06%3A54%3A06',CtrtbuId='50021',Sparte='',Verguetungsart='AP',Art='2')",
		"uri": "WpvKondSet(CacsBusitimeB=datetime'2021-05-18T06%3A54%3A06',Cacstechtime=datetime'2021-05-18T06%3A54%3A06',CtrtbuId='50021',Sparte='',Verguetungsart='AP',Art='2')",
		"type": "ZICM_STAMM_PROVVERTR_SRV.WpvKond"
	},
	"CacsBusitimeB": "/Date(1621320924000)/",
	"Cacstechtime": "/Date(1621320924000)/",
	"CtrtbuId": "50021",
	"Version": "000003",
	"Sparte": "",
	"Verguetungsart": "AP",
	"Art": "2",
	"Artt": "Prom-Satz L",
	"Verguetungssatz": "300",
	"Einheit": "1000",
	"BusiBegin": "0000003062020000000",
	"BusiEnd": "0000031129999000000",
	"TechBegin": "0000001011900000000",
	"TechEnd": "0000031129999000000",
	"FlgCancelObj": "",
	"FlgCancelVers": "",
	"StatusVersion": "",
	"StatusWork": ""
}, {
	"__metadata": {
		"id": "WpvKondSet(CacsBusitimeB=datetime'2021-05-18T06%3A54%3A06',Cacstechtime=datetime'2021-05-18T06%3A54%3A06',CtrtbuId='50021',Sparte='',Verguetungsart='AP',Art='1')",
		"uri": "WpvKondSet(CacsBusitimeB=datetime'2021-05-18T06%3A54%3A06',Cacstechtime=datetime'2021-05-18T06%3A54%3A06',CtrtbuId='50021',Sparte='',Verguetungsart='AP',Art='1')",
		"type": "ZICM_STAMM_PROVVERTR_SRV.WpvKond"
	},
	"CacsBusitimeB": "/Date(1621320924000)/",
	"Cacstechtime": "/Date(1621320924000)/",
	"CtrtbuId": "50021",
	"Version": "000003",
	"Sparte": "",
	"Verguetungsart": "AP",
	"Art": "1",
	"Artt": "Sach",
	"Verguetungssatz": "90",
	"Einheit": "",
	"BusiBegin": "0000007072020000000",
	"BusiEnd": "0000031129999000000",
	"TechBegin": "0000001011900000000",
	"TechEnd": "0000031129999000000",
	"FlgCancelObj": "",
	"FlgCancelVers": "",
	"StatusVersion": "",
	"StatusWork": ""
}, {
	"__metadata": {
		"id": "WpvKondSet(CacsBusitimeB=datetime'2021-05-18T06%3A54%3A06',Cacstechtime=datetime'2021-05-18T06%3A54%3A06',CtrtbuId='50021',Sparte='',Verguetungsart='VP',Art='V1')",
		"uri": "WpvKondSet(CacsBusitimeB=datetime'2021-05-18T06%3A54%3A06',Cacstechtime=datetime'2021-05-18T06%3A54%3A06',CtrtbuId='50021',Sparte='',Verguetungsart='VP',Art='V1')",
		"type": "ZICM_STAMM_PROVVERTR_SRV.WpvKond"
	},
	"CacsBusitimeB": "/Date(1621320924000)/",
	"Cacstechtime": "/Date(1621320924000)/",
	"CtrtbuId": "50021",
	"Version": "000012",
	"Sparte": "",
	"Verguetungsart": "VP",
	"Art": "V1",
	"Artt": "Haftpflicht",
	"Verguetungssatz": "10",
	"Einheit": "100",
	"BusiBegin": "0000007072020000000",
	"BusiEnd": "0000031129999000000",
	"TechBegin": "0000018052011124938",
	"TechEnd": "0000031129999000000",
	"FlgCancelObj": "",
	"FlgCancelVers": "",
	"StatusVersion": "",
	"StatusWork": ""
}, {
	"__metadata": {
		"id": "WpvKondSet(CacsBusitimeB=datetime'2021-05-18T06%3A54%3A06',Cacstechtime=datetime'2021-05-18T06%3A54%3A06',CtrtbuId='50021',Sparte='',Verguetungsart='VP',Art='V1')",
		"uri": "WpvKondSet(CacsBusitimeB=datetime'2021-05-18T06%3A54%3A06',Cacstechtime=datetime'2021-05-18T06%3A54%3A06',CtrtbuId='50021',Sparte='',Verguetungsart='VP',Art='V1')",
		"type": "ZICM_STAMM_PROVVERTR_SRV.WpvKond"
	},
	"CacsBusitimeB": "/Date(1621320924000)/",
	"Cacstechtime": "/Date(1621320924000)/",
	"CtrtbuId": "50021",
	"Version": "000003",
	"Sparte": "",
	"Verguetungsart": "VP",
	"Art": "V1",
	"Artt": "Kraftfahrt-Haftpflicht",
	"Verguetungssatz": "25",
	"Einheit": "100",
	"BusiBegin": "0000007072020000000",
	"BusiEnd": "0000031129999000000",
	"TechBegin": "0000001011900000000",
	"TechEnd": "0000031129999000000",
	"FlgCancelObj": "",
	"FlgCancelVers": "",
	"StatusVersion": "",
	"StatusWork": ""
}]