[{
	"__metadata": {
		"id": "WpvStammSet(CacsBusitimeB=datetime'2021-05-18T06%3A54%3A06',Cacstechtime=datetime'2021-05-18T06%3A54%3A06',CtrtbuId='50021')",
		"uri": "WpvStammSet(CacsBusitimeB=datetime'2021-05-18T06%3A54%3A06',Cacstechtime=datetime'2021-05-18T06%3A54%3A06',CtrtbuId='50021')",
		"type": "ZICM_STAMM_PROVVERTR_SRV.WpvStamm"
	},
	"CacsBusitimeB": "/Date(1621320924000)/",
	"Cacstechtime": "/Date(1621320924000)/",
	"CtrtbuId": "50021",
	"Version": "000004",
	"Kreisnummer": "12",
	"Regionalzentrum": "31",
	"OrgaLbs": "80226",
	"Statusvertr": "0",
	"Statusvertrt": "gültiger Vermittler",
	"Vertyp": "1",
	"Vertypt": "Geschäftsstellenleiter",
	"Bestandsbild": "1",
	"Bestandsbildt": "mit Bestandsbildung",
	"Sofo": "1",
	"Sofot": "hat Sofortregulierung",
	"KzDeckung": "0",
	"KzDeckungt": "keine Berechtigung für die Versicherungs",
	"BusiBegin": "0000007072020000000",
	"BusiEnd": "0000031129999000000",
	"TechBegin": "0000001012010073204",
	"TechEnd": "0000031129999000000",
	"FlgCancelObj": "",
	"FlgCancelVers": "",
	"StatusVersion": "",
	"StatusWork": ""
}]