{
	"Allgemeines": {
		"Vertriebsschiene": "idObjectStatusAllgemeinesVertriebsschiene",
		"IntTitlet": "idObjectStatusAllgemeinesIntTitle",
		"ZAgenturknzt": "idObjectStatusAllgemeinesZAgenturknz",
		"ZVertriebskennziffer" : "idObjectStatusAllgemeinesZVertriebskennziffer",
		"ZVertragsmodellt": "idObjectStatusAllgemeinesZVertragsmodell",
		"ZVertriebt": "idObjectStatusAllgemeinesZVertriebt",
		"ZBenutzer": "idObjectStatusAllgemeinesZBenutzer",
		"Notizen": "idObjectStatusAllgemeinesNotizen",
		"Herkunftt": "idObjectStatusHerkunft",
		"ZGebiett": "idObjectStatusAllgemeinesZGebiet",
		"ZVermvertMitt": "idObjectStatusAllgemeinesZVermvertMit",
		"ZMarkenauftrittt": "idObjectStatusAllgemeinesZMarkenauftritt",
		"ZSchadenvollmachtt": "idObjectStatusAllgemeinesZSchadenvollmacht",
		"ZAktualisierungt": "idObjectStatusAllgemeinesZAktualisierung",
		"ZSiebelnutzer": "idObjectStatusAllgemeinesZSiebelnutzer",
		"ZSiebelSchadenbearb": "idObjectStatusAllgemeinesZSiebelSchadenbearb",
		"CtrtbuBdate": "idObjectStatusAllgemeinesCtrtbuBdate",
		"EntrDate": "idObjectStatusAllgemeinesEntrDate",
		"LeavDate": "idObjectStatusAllgemeinesLeavDate",
		"Lvrsidt": "idObjectStatusAllgemeinesLvrsid",
		"CtrtbuEdate": "idObjectStatusAllgemeinesCtrtbuEdate"
	},
	"Auszahlung": {
		"Abrklassif": "idObjectStatusAuszahlungAbrklassif",
		"BegAuszahlung": "idObjectStatusAuszahlungBegAuszahlung",
		"Auszahlungsart": "idObjectStatusAuszahlungAuszahlungsart",
		"GrundAuszsperret": "idObjectStatusAuszahlungGrundAuszsperret"
	},
	"Korrespondenz": {
		"Telefonnummer": "idObjectStatusKorrespondenzTelefonnummer",
		"Coprct": "idObjectStatusKorrespondenzCoprc",
		"ZVermittlerduplikat": "idObjectStatusKorrespondenzZVermittlerduplikat",
		"BusiBegin": "idObjectStatusKorrespondenzBusiBegin",
		"Oerag": "idObjectStatusKorrespondenzOerag"
	},
	"WPV": {
		"Kreisnummer": "idObjectStatusWPVStammKreisnummer",
		"Regionalzentrum": "idObjectStatusWPVStammRegionalzentrum",
		"OrgaLbs": "idObjectStatusWPVStammOrgaLbs",
		"Statusvertrt": "idObjectStatusWPVStammStatusvertr",
		"ZZahlartt": "idObjectStatusWPVStammZZahlartt",
		"Vertypt": "idObjectStatusWPVStammVertyp",
		"Bestandsbildt": "idObjectStatusWPVStammBestandsbild",
		"Sofot": "idObjectStatusWPVStammSofo",
		"KzDeckungt": "idObjectStatusWPVStammKzDeckung",
		"ZProvShukt": "idObjectStatusWPVKondApZProvShukt",
		"ApSacht": "idObjectStatusWPVKondApApSacht",
		"ApHaftt": "idObjectStatusWPVKondApApHaftt",
		"ZProvLebt": "idObjectStatusWPVKondApZProvLebt"
	}
}