{
	"Allgemeines": {
		"CtrtbuBdate": "idObjectStatusAllgemeinesCtrtbuBdate",
		"CtrtbuEdate": "idObjectStatusAllgemeinesCtrtbuEdate",
		"EntrDate": "idObjectStatusAllgemeinesEntrDate",
		"LeavDate": "idObjectStatusAllgemeinesLeavDate",
		"IntTitlet": "idObjectStatusAllgemeinesIntTitle",
		"Lvrsidt": "idObjectStatusAllgemeinesLvrsid",
		"ZVertragsmodellt": "idObjectStatusAllgemeinesZVertragsmodell",
		"ZAgenturknzt": "idObjectStatusAllgemeinesZAgenturknz",
		"ZMarkenauftritt": "idObjectStatusAllgemeinesZMarkenauftritt",
		"ZGebiett": "idObjectStatusAllgemeinesZGebiet",
		"ZVermvertMitt": "idObjectStatusAllgemeinesZVermvertMit",
		"ZSchadenvollmacht": "idObjectStatusAllgemeinesZSchadenvollmacht",
		"ZAktualisierungt": "idObjectStatusAllgemeinesZAktualisierung",
		"ZSiebelnutzer": "idObjectStatusAllgemeinesZSiebelnutzer",
		"ZSiebelSchadenbearbt": "idObjectStatusAllgemeinesZSiebelSchadenbearb",
		"Notizen": "idObjectStatusAllgemeinesNotizen"
	},
	"Abrechnung": {
		"Abrklassif": "idObjectStatusAbrechnungAbrklassif"
	},
	"WPV": {
		"Kreisnummer": "idObjectStatusWPVStammKreisnummer",
		"Regionalzentrum": "idObjectStatusWPVStammRegionalzentrum",
		"OrgaLbs": "idObjectStatusWPVStammOrgaLbs",
		"Statusvertrt": "idObjectStatusWPVStammStatusvertr",
		"Vertypt": "idObjectStatusWPVStammVertyp",
		"Bestandsbildt": "idObjectStatusWPVStammBestandsbild",
		"Sofot": "idObjectStatusWPVStammSofo",
		"KzDeckungt": "idObjectStatusWPVStammKzDeckung"
	},
	"Korrespondenz": {
		"Telefonnummer": "idObjectStatusKorrespondenzTelefonnummer",
		"Coprct": "idObjectStatusKorrespondenzCoprc",
		"ZVermittlerduplikat": "idObjectStatusKorrespondenzZVermittlerduplikat",
		"BusiBegin": "idObjectStatusKorrespondenzBusiBegin"
	}
}