<?xml version="1.0" encoding="utf-8"?>
<edmx:Edmx Version="1.0" xmlns:edmx="http://schemas.microsoft.com/ado/2007/06/edmx"
	xmlns:m="http://schemas.microsoft.com/ado/2007/08/dataservices/metadata" xmlns:sap="http://www.sap.com/Protocols/SAPData">
	<edmx:DataServices m:DataServiceVersion="2.0">
		<Schema Namespace="ZICM_PROV_VTR_SRV" xml:lang="de" sap:schema-version="1" xmlns="http://schemas.microsoft.com/ado/2008/09/edm">
			<EntityType Name="StdVertrag" sap:content-version="1">
				<Key><PropertyRef Name="CtrtstId"/></Key><Property Name="CtrtstId" Type="Edm.String" Nullable="false" MaxLength="20" sap:unicode="false" sap:label="Standardvertrag"
					sap:creatable="false" sap:updatable="false" sap:sortable="false" sap:filterable="false"/><Property Name="CtrtstIdT" Type="Edm.String" Nullable="false" MaxLength="60" sap:unicode="false" sap:label="Bezeichnung"
					sap:creatable="false" sap:updatable="false" sap:sortable="false" sap:filterable="false"/></EntityType>
			<EntityType Name="StdVertLavv" sap:content-version="1">
				<Key><PropertyRef Name="BucagrId"/><PropertyRef Name="BusiBegin"/><PropertyRef Name="TechBegin"/><PropertyRef Name="StcagrId"/></Key><Property Name="BucagrId" Type="Edm.String" Nullable="false" MaxLength="12" sap:unicode="false" sap:label="Vereinbarungs Nr."
					sap:creatable="false" sap:updatable="false" sap:sortable="false" sap:filterable="false"/><Property Name="Version" Type="Edm.String" MaxLength="6" sap:unicode="false" sap:label="Version" sap:creatable="false" sap:updatable="false"
					sap:sortable="false" sap:filterable="false"/><Property Name="BusiEnd" Type="Edm.DateTime" Precision="0" sap:unicode="false" sap:label="Zeitstempel" sap:creatable="false"
					sap:updatable="false" sap:sortable="false" sap:filterable="false"/><Property Name="CtrtbuId" Type="Edm.String" MaxLength="20" sap:unicode="false" sap:label="Provisionsvertrag" sap:creatable="false"
					sap:updatable="false" sap:sortable="false" sap:filterable="false"/><Property Name="ZVerszweig" Type="Edm.String" Nullable="false" MaxLength="1" sap:unicode="false" sap:label="Versicherungszweig"
					sap:creatable="false" sap:updatable="false" sap:sortable="false" sap:filterable="false"/><Property Name="BusiBegin" Type="Edm.DateTime" Nullable="false" Precision="0" sap:unicode="false" sap:label="Gültig ab"
					sap:creatable="false" sap:updatable="false" sap:sortable="false" sap:filterable="false"/><Property Name="TechBegin" Type="Edm.DateTime" Nullable="false" Precision="0" sap:unicode="false" sap:label="Angelegt am"
					sap:creatable="false" sap:updatable="false" sap:sortable="false" sap:filterable="false"/><Property Name="AgrTyp" Type="Edm.String" Nullable="false" MaxLength="2" sap:unicode="false" sap:label="Vereinbarungsart"
					sap:creatable="false" sap:updatable="false" sap:sortable="false" sap:filterable="false"/><Property Name="StcagrId" Type="Edm.String" Nullable="false" MaxLength="12" sap:unicode="false" sap:label="Standard Vereinbarung"
					sap:creatable="false" sap:updatable="false" sap:sortable="false" sap:filterable="false"/><Property Name="Bezeichnung" Type="Edm.String" Nullable="false" MaxLength="40" sap:unicode="false" sap:label="Bezeichnung"
					sap:creatable="false" sap:updatable="false" sap:sortable="false" sap:filterable="false"/><NavigationProperty Name="ToKondTab" Relationship="ZICM_PROV_VTR_SRV.StdLavvToKondTab" FromRole="FromRole_StdLavvToKondTab"
					ToRole="ToRole_StdLavvToKondTab"/></EntityType>
			<EntityType Name="Vermittlerart" sap:content-version="1">
				<Key><PropertyRef Name="IntTitle"/></Key><Property Name="IntTitle" Type="Edm.String" Nullable="false" MaxLength="3" sap:unicode="false" sap:label="Vermittlerart ID"
					sap:creatable="false" sap:updatable="false" sap:sortable="false" sap:filterable="false"/><Property Name="DescriptSh" Type="Edm.String" Nullable="false" MaxLength="30" sap:unicode="false" sap:label="Vermittlerart"
					sap:creatable="false" sap:updatable="false" sap:sortable="false" sap:filterable="false"/></EntityType>
			<EntityType Name="KonditionsTab" sap:content-version="1">
				<Key><PropertyRef Name="Tabname"/></Key><Property Name="BucagrId" Type="Edm.String" Nullable="false" MaxLength="12" sap:unicode="false" sap:label="Vereinbarungs Nr."
					sap:creatable="false" sap:updatable="false" sap:sortable="false" sap:filterable="false"/><Property Name="BusiBegin" Type="Edm.DateTime" Nullable="false" Precision="0" sap:unicode="false" sap:label="Gültig ab"
					sap:creatable="false" sap:updatable="false" sap:sortable="false" sap:filterable="false"/><Property Name="Ddtext" Type="Edm.String" Nullable="false" MaxLength="60" sap:unicode="false" sap:label="Vergütungsart"
					sap:creatable="false" sap:updatable="false" sap:sortable="false" sap:filterable="false"/><Property Name="StcagrId" Type="Edm.String" Nullable="false" MaxLength="12" sap:unicode="false" sap:label="Standard Vereinbarung"
					sap:creatable="false" sap:updatable="false" sap:sortable="false" sap:filterable="false"/><Property Name="Tabname" Type="Edm.String" Nullable="false" MaxLength="16" sap:unicode="false" sap:label="Tabellenname"
					sap:creatable="false" sap:updatable="false" sap:sortable="false" sap:filterable="false"/><Property Name="TechBegin" Type="Edm.DateTime" Nullable="false" Precision="0" sap:unicode="false" sap:label="Angelegt am"
					sap:creatable="false" sap:updatable="false" sap:sortable="false" sap:filterable="false"/><NavigationProperty Name="ToKond" Relationship="ZICM_PROV_VTR_SRV.KondTabToKond" FromRole="FromRole_KondTabToKond"
					ToRole="ToRole_KondTabToKond"/></EntityType>
			<EntityType Name="LeiVergVereinbarungen" sap:content-version="1">
				<Key><PropertyRef Name="BusiBegin"/><PropertyRef Name="BucagrId"/><PropertyRef Name="TechBegin"/><PropertyRef Name="StcagrId"/></Key><Property Name="BusiBegin" Type="Edm.DateTime" Nullable="false" Precision="0" sap:unicode="false" sap:label="Gültig ab"
					sap:updatable="false" sap:sortable="false" sap:filterable="false"/><Property Name="ZVerszweig" Type="Edm.String" Nullable="false" MaxLength="1" sap:unicode="false" sap:label="Versicherungszweig"
					sap:creatable="false" sap:updatable="false" sap:sortable="false" sap:filterable="false"/><Property Name="Version" Type="Edm.String" MaxLength="6" sap:unicode="false" sap:label="Version" sap:creatable="false" sap:updatable="false"
					sap:sortable="false" sap:filterable="false"/><Property Name="CtrtbuId" Type="Edm.String" MaxLength="20" sap:unicode="false" sap:label="Provisionsvertrag" sap:creatable="false"
					sap:updatable="false" sap:sortable="false" sap:filterable="false"/><Property Name="BusiEnd" Type="Edm.DateTime" Precision="0" sap:unicode="false" sap:label="Gültig bis" sap:creatable="false"
					sap:updatable="false" sap:sortable="false" sap:filterable="false"/><Property Name="BucagrId" Type="Edm.String" Nullable="false" MaxLength="12" sap:unicode="false" sap:label="Vereinbarungs Nr."
					sap:updatable="false" sap:sortable="false" sap:filterable="false"/><Property Name="TechBegin" Type="Edm.DateTime" Nullable="false" Precision="0" sap:unicode="false" sap:label="Angelegt am"
					sap:updatable="false" sap:sortable="false" sap:filterable="false"/><Property Name="StcagrId" Type="Edm.String" Nullable="false" MaxLength="12" sap:unicode="false" sap:label="Standard Vereinbarung"
					sap:updatable="false" sap:sortable="false" sap:filterable="false"/><Property Name="Bezeichnung" Type="Edm.String" Nullable="false" MaxLength="40" sap:unicode="false" sap:label="Bezeichnung"
					sap:creatable="false" sap:updatable="false" sap:sortable="false" sap:filterable="false"/><Property Name="AgrTyp" Type="Edm.String" MaxLength="2" sap:unicode="false" sap:label="Vereinbarungsart" sap:creatable="false"
					sap:updatable="false" sap:sortable="false" sap:filterable="false"/><NavigationProperty Name="ToKondTab" Relationship="ZICM_PROV_VTR_SRV.LavvToKondTab" FromRole="FromRole_LavvToKondTab"
					ToRole="ToRole_LavvToKondTab"/></EntityType>
			<EntityType Name="Provisionsvertrag" sap:content-version="1">
				<Key><PropertyRef Name="BusiBegin"/><PropertyRef Name="CtrtbuId"/><PropertyRef Name="TechBegin"/></Key><Property Name="Bpext" Type="Edm.String" MaxLength="20" sap:unicode="false" sap:label="Partnernummer" sap:creatable="false"
					sap:updatable="false" sap:sortable="false" sap:filterable="false"/><Property Name="BusiEnd" Type="Edm.DateTime" Nullable="false" Precision="0" sap:unicode="false" sap:label="Gültig bis" sap:creatable="false"
					sap:updatable="false" sap:sortable="false" sap:filterable="false"/><Property Name="TimeZone" Type="Edm.String" Nullable="false" MaxLength="6" sap:unicode="false" sap:label="Zeitzone" sap:creatable="false"
					sap:updatable="false" sap:sortable="false" sap:filterable="false"/><Property Name="BusiBegin" Type="Edm.DateTime" Nullable="false" Precision="0" sap:unicode="false" sap:label="Gültig ab"
					sap:creatable="false" sap:updatable="false" sap:sortable="false" sap:filterable="false"/><Property Name="CtrtbuId" Type="Edm.String" Nullable="false" MaxLength="20" sap:unicode="false" sap:label="Provisionsvertrag"
					sap:creatable="false" sap:updatable="false"/><Property Name="FlgStatus" Type="Edm.String" Nullable="false" MaxLength="1" sap:unicode="false" sap:label="Status Provisionsvertrag"
					sap:creatable="false" sap:updatable="false" sap:sortable="false" sap:filterable="false"/><Property Name="TechBegin" Type="Edm.DateTime" Nullable="false" Precision="0" sap:unicode="false" sap:label="Angelegt am"
					sap:creatable="false" sap:updatable="false" sap:sortable="false" sap:filterable="false"/><Property Name="Version" Type="Edm.String" Nullable="false" MaxLength="6" sap:unicode="false" sap:label="Version" sap:creatable="false"
					sap:updatable="false" sap:sortable="false" sap:filterable="false"/><Property Name="CtrtstId" Type="Edm.String" MaxLength="20" sap:unicode="false" sap:label="Standardvertrag" sap:creatable="false"
					sap:updatable="false" sap:sortable="false"/><Property Name="CtrtstIdT" Type="Edm.String" MaxLength="60" sap:unicode="false" sap:label="Bezeichnung" sap:creatable="false"
					sap:updatable="false" sap:sortable="false" sap:filterable="false"/><Property Name="IntTitle" Type="Edm.String" MaxLength="3" sap:unicode="false" sap:label="Vermittlerart" sap:creatable="false"
					sap:updatable="false" sap:sortable="false"/><Property Name="DescriptSh" Type="Edm.String" MaxLength="30" sap:unicode="false" sap:label="Vermittlerart" sap:creatable="false"
					sap:updatable="false" sap:sortable="false" sap:filterable="false"/><Property Name="CtrtbuEdate" Type="Edm.DateTime" Precision="7" sap:unicode="false" sap:label="Vertragsende" sap:creatable="false"
					sap:updatable="false" sap:sortable="false" sap:filterable="false"/><Property Name="NameGrp1" Type="Edm.String" MaxLength="40" sap:unicode="false" sap:label="Nachname" sap:creatable="false"
					sap:updatable="false" sap:sortable="false" sap:filterable="false"/><Property Name="NameGrp2" Type="Edm.String" MaxLength="40" sap:unicode="false" sap:label="Vorname" sap:creatable="false"
					sap:updatable="false" sap:sortable="false" sap:filterable="false"/><NavigationProperty Name="ToLavv" Relationship="ZICM_PROV_VTR_SRV.ProvVertToLavv" FromRole="FromRole_ProvVertToLavv"
					ToRole="ToRole_ProvVertToLavv"/><NavigationProperty Name="ToVersion" Relationship="ZICM_PROV_VTR_SRV.ProvVertToVersion" FromRole="FromRole_ProvVertToVersion"
					ToRole="ToRole_ProvVertToVersion"/><NavigationProperty Name="ToStdLavv" Relationship="ZICM_PROV_VTR_SRV.StdVertToStdLavv" FromRole="FromRole_StdVertToStdLavv"
					ToRole="ToRole_StdVertToStdLavv"/></EntityType>
			<EntityType Name="Konditionen" sap:content-version="1">
				<Key><PropertyRef Name="CondTable"/><PropertyRef Name="KnumhStd"/></Key><Property Name="ZTarifKnzText" Type="Edm.String" Nullable="false" MaxLength="60" sap:unicode="false" sap:label="Tarif Kennzeichen"
					sap:creatable="false" sap:updatable="false" sap:sortable="false" sap:filterable="false"/><Property Name="ZTarifKnz" Type="Edm.String" Nullable="false" MaxLength="4" sap:unicode="false" sap:label="Tarifkennzeichen ID"
					sap:creatable="false" sap:updatable="false" sap:sortable="false" sap:filterable="false"/><Property Name="CondTable" Type="Edm.String" Nullable="false" MaxLength="16" sap:unicode="false" sap:label="Tabellenname"
					sap:creatable="false" sap:updatable="false" sap:sortable="false" sap:filterable="false"/><Property Name="ZLfzIntName" Type="Edm.String" MaxLength="60" sap:unicode="false" sap:label="Laufzeit-Intervall" sap:creatable="false"
					sap:updatable="false" sap:sortable="false" sap:filterable="false"/><Property Name="Krech" Type="Edm.String" Nullable="false" MaxLength="1" sap:unicode="false" sap:label="Rechenregel" sap:creatable="false"
					sap:updatable="false" sap:sortable="false" sap:filterable="false"/><Property Name="Kbetr" Type="Edm.String" MaxLength="10" sap:unicode="false" sap:label="Provisionssatz Individuell" sap:updatable="false"
					sap:sortable="false" sap:filterable="false"/><Property Name="KbetrStd" Type="Edm.String" Nullable="false" MaxLength="10" sap:unicode="false" sap:label="Provisionssatz Standard"
					sap:creatable="false" sap:updatable="false" sap:sortable="false" sap:filterable="false"/><Property Name="ZFondsGruppe" Type="Edm.String" MaxLength="4" sap:unicode="false" sap:label="Fondsgruppe" sap:creatable="false"
					sap:updatable="false" sap:sortable="false" sap:filterable="false"/><Property Name="ZKollektivKnz" Type="Edm.String" MaxLength="1" sap:unicode="false" sap:label="Kollektivtarif KNZ" sap:creatable="false"
					sap:updatable="false" sap:sortable="false" sap:filterable="false"/><Property Name="Datab" Type="Edm.DateTime" Precision="7" sap:unicode="false" sap:label="Gültig ab Ind." sap:creatable="false"
					sap:updatable="false" sap:sortable="false" sap:filterable="false"/><Property Name="DatabStd" Type="Edm.DateTime" Nullable="false" Precision="7" sap:unicode="false" sap:label="Gültig ab Std."
					sap:creatable="false" sap:updatable="false" sap:sortable="false" sap:filterable="false"/><Property Name="Datbi" Type="Edm.DateTime" Precision="7" sap:unicode="false" sap:label="Gültig bis Ind." sap:creatable="false"
					sap:updatable="false" sap:sortable="false" sap:filterable="false"/><Property Name="DatbiStd" Type="Edm.DateTime" Precision="7" sap:unicode="false" sap:label="Gültig bis Std." sap:creatable="false"
					sap:updatable="false" sap:sortable="false" sap:filterable="false"/><Property Name="Knumh" Type="Edm.String" MaxLength="10" sap:unicode="false" sap:label="Nr. Kond.Satz Ind." sap:creatable="false"
					sap:updatable="false" sap:sortable="false" sap:filterable="false"/><Property Name="KnumhStd" Type="Edm.String" Nullable="false" MaxLength="10" sap:unicode="false" sap:label="Nr. Kond.Satz Std."
					sap:creatable="false" sap:updatable="false" sap:sortable="false" sap:filterable="false"/><Property Name="Konwa" Type="Edm.String" MaxLength="5" sap:unicode="false" sap:label="Einheit" sap:creatable="false" sap:updatable="false"
					sap:sortable="false" sap:filterable="false" sap:semantics="currency-code"/><Property Name="KonwaStd" Type="Edm.String" Nullable="false" MaxLength="5" sap:unicode="false" sap:label="Einheit" sap:creatable="false"
					sap:updatable="false" sap:sortable="false" sap:filterable="false" sap:semantics="currency-code"/><Property Name="Kschl" Type="Edm.String" MaxLength="4" sap:unicode="false" sap:label="Konditionsart" sap:creatable="false"
					sap:updatable="false" sap:sortable="false" sap:filterable="false"/><Property Name="PCtrtXl" Type="Edm.String" Nullable="false" MaxLength="21" sap:unicode="false" sap:label="Vereinbarungs Nr."
					sap:creatable="false" sap:updatable="false" sap:sortable="false" sap:filterable="false"/><Property Name="StcagrId" Type="Edm.String" Nullable="false" MaxLength="12" sap:unicode="false" sap:label="Standard Vereinbarung"
					sap:creatable="false" sap:updatable="false" sap:sortable="false" sap:filterable="false"/><Property Name="ZLfzIntervall" Type="Edm.String" MaxLength="1" sap:unicode="false" sap:label="Laufzeit-Intervall ID" sap:creatable="false"
					sap:updatable="false" sap:sortable="false" sap:filterable="false"/><Property Name="ZProdGruppe" Type="Edm.String" MaxLength="4" sap:unicode="false" sap:label="Produkt ID" sap:creatable="false"
					sap:updatable="false" sap:sortable="false" sap:filterable="false"/><Property Name="ZProdGruppeName" Type="Edm.String" MaxLength="30" sap:unicode="false" sap:label="Produkt" sap:creatable="false"
					sap:updatable="false" sap:sortable="false" sap:filterable="false"/><Property Name="ZProdGruppeVerm" Type="Edm.String" MaxLength="30" sap:unicode="false" sap:label="Produktgruppe" sap:creatable="false"
					sap:updatable="false" sap:sortable="false" sap:filterable="false"/><Property Name="ZStatusInd" Type="Edm.String" MaxLength="1" sap:unicode="false" sap:label="Status Individualisierung" sap:creatable="false"
					sap:updatable="false" sap:sortable="false" sap:filterable="false"/><Property Name="ZTarifwerk" Type="Edm.String" MaxLength="4" sap:unicode="false" sap:label="Tarifwerk" sap:creatable="false"
					sap:updatable="false" sap:sortable="false"/><Property Name="ZVerkaufsgruppe" Type="Edm.String" MaxLength="30" sap:unicode="false" sap:label="Verkaufsgruppe" sap:creatable="false"
					sap:updatable="false" sap:sortable="false"/></EntityType>
			<EntityType Name="ProvVertVersion" sap:content-version="1">
				<Key><PropertyRef Name="BusiBegin"/><PropertyRef Name="CtrtbuId"/><PropertyRef Name="TechBegin"/></Key><Property Name="BusiBegin" Type="Edm.DateTime" Nullable="false" Precision="0" sap:unicode="false" sap:label="Gültig ab"
					sap:creatable="false" sap:updatable="false" sap:sortable="false" sap:filterable="false"/><Property Name="ChgReason" Type="Edm.String" Nullable="false" MaxLength="3" sap:unicode="false" sap:label="Änderungsgrund ID"
					sap:creatable="false" sap:updatable="false" sap:sortable="false" sap:filterable="false"/><Property Name="BusiEnd" Type="Edm.DateTime" Nullable="false" Precision="0" sap:unicode="false" sap:label="Gültig bis" sap:creatable="false"
					sap:updatable="false" sap:sortable="false" sap:filterable="false"/><Property Name="ChgReasonTxt" Type="Edm.String" Nullable="false" MaxLength="40" sap:unicode="false" sap:label="Änderungsgrund"
					sap:creatable="false" sap:updatable="false" sap:sortable="false" sap:filterable="false"/><Property Name="CtrtbuId" Type="Edm.String" Nullable="false" MaxLength="20" sap:unicode="false" sap:label="Provisionsvertrag"
					sap:creatable="false" sap:updatable="false" sap:sortable="false" sap:filterable="false"/><Property Name="TechBegin" Type="Edm.DateTime" Nullable="false" Precision="0" sap:unicode="false" sap:label="Angelegt am"
					sap:creatable="false" sap:updatable="false" sap:sortable="false" sap:filterable="false"/><Property Name="Version" Type="Edm.String" Nullable="false" MaxLength="6" sap:unicode="false" sap:label="Version" sap:creatable="false"
					sap:updatable="false" sap:sortable="false" sap:filterable="false"/></EntityType>
			<Association Name="StdLavvToKondTab" sap:content-version="1"><End Type="ZICM_PROV_VTR_SRV.StdVertLavv" Multiplicity="1" Role="FromRole_StdLavvToKondTab"/><End Type="ZICM_PROV_VTR_SRV.KonditionsTab" Multiplicity="*" Role="ToRole_StdLavvToKondTab"/>
				<ReferentialConstraint>
					<Principal Role="FromRole_StdLavvToKondTab"><PropertyRef Name="BucagrId"/><PropertyRef Name="StcagrId"/><PropertyRef Name="BusiBegin"/><PropertyRef Name="TechBegin"/></Principal>
					<Dependent Role="ToRole_StdLavvToKondTab"><PropertyRef Name="BucagrId"/><PropertyRef Name="StcagrId"/><PropertyRef Name="BusiBegin"/><PropertyRef Name="TechBegin"/></Dependent>
				</ReferentialConstraint>
			</Association>
			<Association Name="ProvVertToLavv" sap:content-version="1"><End Type="ZICM_PROV_VTR_SRV.Provisionsvertrag" Multiplicity="1" Role="FromRole_ProvVertToLavv"/><End Type="ZICM_PROV_VTR_SRV.LeiVergVereinbarungen" Multiplicity="*" Role="ToRole_ProvVertToLavv"/>
				<ReferentialConstraint>
					<Principal Role="FromRole_ProvVertToLavv"><PropertyRef Name="TechBegin"/><PropertyRef Name="BusiBegin"/><PropertyRef Name="CtrtbuId"/></Principal>
					<Dependent Role="ToRole_ProvVertToLavv"><PropertyRef Name="TechBegin"/><PropertyRef Name="BusiBegin"/><PropertyRef Name="CtrtbuId"/></Dependent>
				</ReferentialConstraint>
			</Association>
			<Association Name="ProvVertToVersion" sap:content-version="1"><End Type="ZICM_PROV_VTR_SRV.Provisionsvertrag" Multiplicity="1" Role="FromRole_ProvVertToVersion"/><End Type="ZICM_PROV_VTR_SRV.ProvVertVersion" Multiplicity="*" Role="ToRole_ProvVertToVersion"/>
				<ReferentialConstraint>
					<Principal Role="FromRole_ProvVertToVersion"><PropertyRef Name="TechBegin"/><PropertyRef Name="BusiBegin"/><PropertyRef Name="CtrtbuId"/></Principal>
					<Dependent Role="ToRole_ProvVertToVersion"><PropertyRef Name="TechBegin"/><PropertyRef Name="BusiBegin"/><PropertyRef Name="CtrtbuId"/></Dependent>
				</ReferentialConstraint>
			</Association>
			<Association Name="StdVertToStdLavv" sap:content-version="1"><End Type="ZICM_PROV_VTR_SRV.Provisionsvertrag" Multiplicity="1" Role="FromRole_StdVertToStdLavv"/><End Type="ZICM_PROV_VTR_SRV.StdVertLavv" Multiplicity="*" Role="ToRole_StdVertToStdLavv"/>
				<ReferentialConstraint>
					<Principal Role="FromRole_StdVertToStdLavv"><PropertyRef Name="CtrtbuId"/><PropertyRef Name="BusiBegin"/><PropertyRef Name="TechBegin"/></Principal>
					<Dependent Role="ToRole_StdVertToStdLavv"><PropertyRef Name="CtrtbuId"/><PropertyRef Name="BusiBegin"/><PropertyRef Name="TechBegin"/></Dependent>
				</ReferentialConstraint>
			</Association>
			<Association Name="KondTabToKond" sap:content-version="1"><End Type="ZICM_PROV_VTR_SRV.KonditionsTab" Multiplicity="1" Role="FromRole_KondTabToKond"/><End Type="ZICM_PROV_VTR_SRV.Konditionen" Multiplicity="*" Role="ToRole_KondTabToKond"/>
				<ReferentialConstraint>
					<Principal Role="FromRole_KondTabToKond"><PropertyRef Name="Tabname"/></Principal>
					<Dependent Role="ToRole_KondTabToKond"><PropertyRef Name="CondTable"/></Dependent>
				</ReferentialConstraint>
			</Association>
			<Association Name="LavvToKondTab" sap:content-version="1"><End Type="ZICM_PROV_VTR_SRV.LeiVergVereinbarungen" Multiplicity="1" Role="FromRole_LavvToKondTab"/><End Type="ZICM_PROV_VTR_SRV.KonditionsTab" Multiplicity="*" Role="ToRole_LavvToKondTab"/>
				<ReferentialConstraint>
					<Principal Role="FromRole_LavvToKondTab"><PropertyRef Name="StcagrId"/><PropertyRef Name="TechBegin"/><PropertyRef Name="BusiBegin"/><PropertyRef Name="BucagrId"/></Principal>
					<Dependent Role="ToRole_LavvToKondTab"><PropertyRef Name="StcagrId"/><PropertyRef Name="TechBegin"/><PropertyRef Name="BusiBegin"/><PropertyRef Name="BucagrId"/></Dependent>
				</ReferentialConstraint>
			</Association>
			<EntityContainer Name="ZICM_PROV_VTR_SRV_Entities" m:IsDefaultEntityContainer="true" sap:supported-formats="atom json xlsx"><EntitySet Name="StdVertragSet" EntityType="ZICM_PROV_VTR_SRV.StdVertrag" sap:creatable="false" sap:updatable="false" sap:deletable="false"
				sap:pageable="false" sap:content-version="1"/><EntitySet Name="StdVertLavvSet" EntityType="ZICM_PROV_VTR_SRV.StdVertLavv" sap:creatable="false" sap:updatable="false"
				sap:deletable="false" sap:pageable="false" sap:content-version="1"/><EntitySet Name="VermittlerartSet" EntityType="ZICM_PROV_VTR_SRV.Vermittlerart" sap:creatable="false" sap:updatable="false"
				sap:deletable="false" sap:pageable="false" sap:content-version="1"/><EntitySet Name="KonditionsTabSet" EntityType="ZICM_PROV_VTR_SRV.KonditionsTab" sap:creatable="false" sap:updatable="false"
				sap:deletable="false" sap:pageable="false" sap:content-version="1"/><EntitySet Name="LeiVergVereinbarungenSet" EntityType="ZICM_PROV_VTR_SRV.LeiVergVereinbarungen" sap:creatable="false" sap:updatable="false"
				sap:deletable="false" sap:pageable="false" sap:content-version="1"/><EntitySet Name="ProvisionsvertragSet" EntityType="ZICM_PROV_VTR_SRV.Provisionsvertrag" sap:creatable="false" sap:updatable="false"
				sap:deletable="false" sap:requires-filter="true" sap:content-version="1"/><EntitySet Name="KonditionenSet" EntityType="ZICM_PROV_VTR_SRV.Konditionen" sap:creatable="false" sap:updatable="false"
				sap:deletable="false" sap:pageable="false" sap:content-version="1"/><EntitySet Name="ProvVertVersionSet" EntityType="ZICM_PROV_VTR_SRV.ProvVertVersion" sap:creatable="false" sap:updatable="false"
				sap:deletable="false" sap:pageable="false" sap:content-version="1"/>
				<AssociationSet Name="KondTabToKondSet" Association="ZICM_PROV_VTR_SRV.KondTabToKond" sap:creatable="false" sap:updatable="false"
					sap:deletable="false" sap:content-version="1"><End EntitySet="KonditionsTabSet" Role="FromRole_KondTabToKond"/><End EntitySet="KonditionenSet" Role="ToRole_KondTabToKond"/></AssociationSet>
				<AssociationSet Name="StdVertToStdLavvSet" Association="ZICM_PROV_VTR_SRV.StdVertToStdLavv" sap:creatable="false" sap:updatable="false"
					sap:deletable="false" sap:content-version="1"><End EntitySet="ProvisionsvertragSet" Role="FromRole_StdVertToStdLavv"/><End EntitySet="StdVertLavvSet" Role="ToRole_StdVertToStdLavv"/></AssociationSet>
				<AssociationSet Name="StdLavvToKondTabSet" Association="ZICM_PROV_VTR_SRV.StdLavvToKondTab" sap:creatable="false" sap:updatable="false"
					sap:deletable="false" sap:content-version="1"><End EntitySet="StdVertLavvSet" Role="FromRole_StdLavvToKondTab"/><End EntitySet="KonditionsTabSet" Role="ToRole_StdLavvToKondTab"/></AssociationSet>
				<AssociationSet Name="ProvVertToVersionSet" Association="ZICM_PROV_VTR_SRV.ProvVertToVersion" sap:creatable="false" sap:updatable="false"
					sap:deletable="false" sap:content-version="1"><End EntitySet="ProvisionsvertragSet" Role="FromRole_ProvVertToVersion"/><End EntitySet="ProvVertVersionSet" Role="ToRole_ProvVertToVersion"/></AssociationSet>
				<AssociationSet Name="ProvVertToLavvSet" Association="ZICM_PROV_VTR_SRV.ProvVertToLavv" sap:creatable="false" sap:updatable="false"
					sap:deletable="false" sap:content-version="1"><End EntitySet="ProvisionsvertragSet" Role="FromRole_ProvVertToLavv"/><End EntitySet="LeiVergVereinbarungenSet" Role="ToRole_ProvVertToLavv"/></AssociationSet>
				<AssociationSet Name="LavvToKondTabSet" Association="ZICM_PROV_VTR_SRV.LavvToKondTab" sap:creatable="false" sap:updatable="false"
					sap:deletable="false" sap:content-version="1"><End EntitySet="LeiVergVereinbarungenSet" Role="FromRole_LavvToKondTab"/><End EntitySet="KonditionsTabSet" Role="ToRole_LavvToKondTab"/></AssociationSet>
			</EntityContainer><atom:link rel="self" href="https://scsap10e.pnw.loc:8001/sap/opu/odata/SAP/ZICM_PROV_VTR_SRV/$metadata"
				xmlns:atom="http://www.w3.org/2005/Atom"/><atom:link rel="latest-version" href="https://scsap10e.pnw.loc:8001/sap/opu/odata/SAP/ZICM_PROV_VTR_SRV/$metadata"
				xmlns:atom="http://www.w3.org/2005/Atom"/></Schema>
	</edmx:DataServices>
</edmx:Edmx>