[
    {
        "id": 1,
        "hochschulen": {
            "kurzname": "FH AA",
            "name": "Fachhochschule Aalen"
        },
        "bezeichnung": {
            "bezeichnung":{
                "de": "Wirtschaftsinformatik"
            }
        },
        "angebotstyp": {
            "bezeichnung":{
                "de": "Weiterbildungsangebot ohne Prüfung"
            }
        },
        "abschluss": {
            "bezeichnung":{
                "de": "ohne Abschluss, ggf. mit Teilnahmebescheinigung"
            }
        },
        "veranstaltungsform": [
            {
                "bezeichnung": {
                    "de": "Tagesveranstaltung"
                }
            },
            {
                "bezeichnung": {
                    "de": "Abendveranstaltung"
                }
            }
        ],
        "standort": [
            {
                "bezeichnung": {
                    "de": "Außenstelle Jülich"
                },
                "bezeichnungkurz": {
                    "de": "Jülich"
                }
            }
        ],
        "datenherkunft": "false",
        "redaktionsstatus": {
            "bezeichnung":{
                "de": "Freigegeben"
            }
        }
    },

    {
        "id": 2,
        "hochschulen": {
            "kurzname": "THU",
            "name": "Technische Hochschule Ulm"
        },
        "bezeichnung": {
            "bezeichnung":{
                "de": "Betriebswirtschaftslehre"
            }
        },
        "angebotstyp": {
            "bezeichnung":{
                "de": "Weiterbildungsangebot ohne Prüfung"
            }
        },
        "abschluss": {
            "bezeichnung":{
                "de": "Master"
            }
        },
        "veranstaltungsform": [
            {
                "bezeichnung": {
                    "de": "Blockveranstaltung"
                }
            }
        ],
        "standort": [
            {
                "bezeichnung": {
                    "de": "Ulm"
                },
                "bezeichnungkurz": {
                    "de": "Ulm"
                }
            }
        ],
        "datenherkunft": "true",
        "redaktionsstatus": {
            "bezeichnung":{
                "de": "Freigegeben"
            }
        }
    }   
]
